Date,JKM_Price
2012-09-27,13.85
2012-09-28,14.2
2012-09-29,14.2
2012-09-30,14.2
2012-10-01,14.2
2012-10-02,14.2
2012-10-03,14.2
2012-10-04,13.5
2012-10-05,13.925
2012-10-06,13.775
2012-10-07,13.625
2012-10-08,13.475
2012-10-09,13.5
2012-10-10,13.475
2012-10-11,13.45
2012-10-12,13.55
2012-10-13,13.526666666666667
2012-10-14,13.503333333333334
2012-10-15,13.48
2012-10-16,13.435
2012-10-17,13.4
2012-10-18,13.435
2012-10-19,13.5
2012-10-20,13.5
2012-10-21,13.5
2012-10-22,13.5
2012-10-23,13.5
2012-10-24,13.5
2012-10-25,13.47
2012-10-26,13.5
2012-10-27,13.5
2012-10-28,13.5
2012-10-29,13.5
2012-10-30,13.45
2012-10-31,13.45
2012-11-01,13.3
2012-11-02,13.3
2012-11-03,13.35
2012-11-04,13.4
2012-11-05,13.45
2012-11-06,13.55
2012-11-07,13.65
2012-11-08,13.55
2012-11-09,13.65
2012-11-10,13.666666666666666
2012-11-11,13.683333333333334
2012-11-12,13.7
2012-11-13,13.8
2012-11-14,13.8
2012-11-15,13.53
2012-11-16,13.602181818181817
2012-11-17,13.674363636363635
2012-11-18,13.746545454545453
2012-11-19,13.818727272727273
2012-11-20,13.89090909090909
2012-11-21,13.963090909090909
2012-11-22,14.035272727272726
2012-11-23,14.107454545454544
2012-11-24,14.179636363636362
2012-11-25,14.251818181818182
2012-11-26,14.324
2012-11-27,14.396181818181818
2012-11-28,14.468363636363636
2012-11-29,14.540545454545454
2012-11-30,14.612727272727273
2012-12-01,14.684909090909091
2012-12-02,14.757090909090909
2012-12-03,14.829272727272727
2012-12-04,14.901454545454545
2012-12-05,14.973636363636363
2012-12-06,15.04581818181818
2012-12-07,15.118
2012-12-08,15.190181818181818
2012-12-09,15.262363636363636
2012-12-10,15.334545454545454
2012-12-11,15.406727272727272
2012-12-12,15.47890909090909
2012-12-13,15.55109090909091
2012-12-14,15.623272727272727
2012-12-15,15.695454545454545
2012-12-16,15.767636363636363
2012-12-17,15.839818181818181
2012-12-18,15.911999999999999
2012-12-19,15.984181818181817
2012-12-20,16.056363636363635
2012-12-21,16.128545454545453
2012-12-22,16.20072727272727
2012-12-23,16.272909090909092
2012-12-24,16.34509090909091
2012-12-25,16.417272727272728
2012-12-26,16.489454545454546
2012-12-27,16.561636363636364
2012-12-28,16.63381818181818
2012-12-29,16.706
2012-12-30,16.778181818181817
2012-12-31,16.850363636363635
2013-01-01,16.922545454545453
2013-01-02,16.99472727272727
2013-01-03,17.066909090909093
2013-01-04,17.13909090909091
2013-01-05,17.21127272727273
2013-01-06,17.283454545454546
2013-01-07,17.355636363636364
2013-01-08,17.427818181818182
2013-01-09,17.5
2013-01-10,17.8
2013-01-11,17.5
2013-01-12,17.533333333333335
2013-01-13,17.566666666666666
2013-01-14,17.6
2013-01-15,17.6
2013-01-16,17.95
2013-01-17,18.15
2013-01-18,18.38
2013-01-19,18.43
2013-01-20,18.48
2013-01-21,18.529999999999998
2013-01-22,18.58
2013-01-23,18.68
2013-01-24,18.68
2013-01-25,18.76
2013-01-26,18.80666666666667
2013-01-27,18.85333333333333
2013-01-28,18.9
2013-01-29,19.1
2013-01-30,19.65
2013-01-31,19.2
2013-02-01,19.3
2013-02-02,19.35
2013-02-03,19.4
2013-02-04,19.45
2013-02-05,19.5
2013-02-06,19.5
2013-02-07,19.55
2013-02-08,19.6
2013-02-09,19.6
2013-02-10,19.6
2013-02-11,19.6
2013-02-12,19.6
2013-02-13,19.6
2013-02-14,19.65
2013-02-15,19.633
2013-02-16,19.616
2013-02-17,19.599
2013-02-18,19.581999999999997
2013-02-19,19.564999999999998
2013-02-20,19.548
2013-02-21,19.531
2013-02-22,19.514
2013-02-23,19.497
2013-02-24,19.479999999999997
2013-02-25,19.462999999999997
2013-02-26,19.445999999999998
2013-02-27,19.429
2013-02-28,19.412
2013-03-01,19.395
2013-03-02,19.378
2013-03-03,19.360999999999997
2013-03-04,19.343999999999998
2013-03-05,19.326999999999998
2013-03-06,19.31
2013-03-07,19.293
2013-03-08,19.276
2013-03-09,19.259
2013-03-10,19.241999999999997
2013-03-11,19.224999999999998
2013-03-12,19.208
2013-03-13,19.191
2013-03-14,19.174
2013-03-15,19.157
2013-03-16,19.139999999999997
2013-03-17,19.122999999999998
2013-03-18,19.105999999999998
2013-03-19,19.089
2013-03-20,19.072
2013-03-21,19.055
2013-03-22,19.038
2013-03-23,19.020999999999997
2013-03-24,19.003999999999998
2013-03-25,18.987
2013-03-26,18.97
2013-03-27,18.953
2013-03-28,18.936
2013-03-29,18.918999999999997
2013-03-30,18.901999999999997
2013-03-31,18.884999999999998
2013-04-01,18.868
2013-04-02,18.851
2013-04-03,18.834
2013-04-04,18.817
2013-04-05,18.799999999999997
2013-04-06,18.782999999999998
2013-04-07,18.766
2013-04-08,18.749
2013-04-09,18.732
2013-04-10,18.715
2013-04-11,18.698
2013-04-12,18.680999999999997
2013-04-13,18.663999999999998
2013-04-14,18.647
2013-04-15,18.63
2013-04-16,18.613
2013-04-17,18.596
2013-04-18,18.579
2013-04-19,18.561999999999998
2013-04-20,18.544999999999998
2013-04-21,18.528
2013-04-22,18.511
2013-04-23,18.494
2013-04-24,18.477
2013-04-25,18.459999999999997
2013-04-26,18.442999999999998
2013-04-27,18.426
2013-04-28,18.409
2013-04-29,18.392
2013-04-30,18.375
2013-05-01,18.357999999999997
2013-05-02,18.340999999999998
2013-05-03,18.323999999999998
2013-05-04,18.307
2013-05-05,18.29
2013-05-06,18.273
2013-05-07,18.256
2013-05-08,18.238999999999997
2013-05-09,18.221999999999998
2013-05-10,18.205
2013-05-11,18.188
2013-05-12,18.171
2013-05-13,18.154
2013-05-14,18.137
2013-05-15,18.119999999999997
2013-05-16,18.102999999999998
2013-05-17,18.086
2013-05-18,18.069
2013-05-19,18.052
2013-05-20,18.035
2013-05-21,18.018
2013-05-22,18.000999999999998
2013-05-23,17.983999999999998
2013-05-24,17.967
2013-05-25,17.95
2013-05-26,17.933
2013-05-27,17.916
2013-05-28,17.898999999999997
2013-05-29,17.881999999999998
2013-05-30,17.865
2013-05-31,17.848
2013-06-01,17.831
2013-06-02,17.814
2013-06-03,17.797
2013-06-04,17.779999999999998
2013-06-05,17.762999999999998
2013-06-06,17.746
2013-06-07,17.729
2013-06-08,17.712
2013-06-09,17.695
2013-06-10,17.677999999999997
2013-06-11,17.660999999999998
2013-06-12,17.644
2013-06-13,17.627
2013-06-14,17.61
2013-06-15,17.593
2013-06-16,17.576
2013-06-17,17.558999999999997
2013-06-18,17.541999999999998
2013-06-19,17.525
2013-06-20,17.508
2013-06-21,17.491
2013-06-22,17.474
2013-06-23,17.457
2013-06-24,17.439999999999998
2013-06-25,17.423
2013-06-26,17.406
2013-06-27,17.389
2013-06-28,17.372
2013-06-29,17.355
2013-06-30,17.338
2013-07-01,17.320999999999998
2013-07-02,17.304
2013-07-03,17.287
2013-07-04,17.27
2013-07-05,17.253
2013-07-06,17.235999999999997
2013-07-07,17.218999999999998
2013-07-08,17.201999999999998
2013-07-09,17.185
2013-07-10,17.168
2013-07-11,17.151
2013-07-12,17.134
2013-07-13,17.116999999999997
2013-07-14,17.099999999999998
2013-07-15,17.083
2013-07-16,17.066
2013-07-17,17.049
2013-07-18,17.032
2013-07-19,17.015
2013-07-20,16.997999999999998
2013-07-21,16.980999999999998
2013-07-22,16.964
2013-07-23,16.947
2013-07-24,16.93
2013-07-25,16.913
2013-07-26,16.896
2013-07-27,16.878999999999998
2013-07-28,16.862
2013-07-29,16.845
2013-07-30,16.828
2013-07-31,16.811
2013-08-01,16.794
2013-08-02,16.777
2013-08-03,16.759999999999998
2013-08-04,16.743
2013-08-05,16.726
2013-08-06,16.709
2013-08-07,16.692
2013-08-08,16.675
2013-08-09,16.657999999999998
2013-08-10,16.641
2013-08-11,16.624
2013-08-12,16.607
2013-08-13,16.59
2013-08-14,16.573
2013-08-15,16.555999999999997
2013-08-16,16.538999999999998
2013-08-17,16.522
2013-08-18,16.505
2013-08-19,16.488
2013-08-20,16.471
2013-08-21,16.454
2013-08-22,16.436999999999998
2013-08-23,16.419999999999998
2013-08-24,16.403
2013-08-25,16.386
2013-08-26,16.369
2013-08-27,16.352
2013-08-28,16.335
2013-08-29,16.317999999999998
2013-08-30,16.301
2013-08-31,16.284
2013-09-01,16.267
2013-09-02,16.25
2013-09-03,16.233
2013-09-04,16.216
2013-09-05,16.198999999999998
2013-09-06,16.182
2013-09-07,16.165
2013-09-08,16.148
2013-09-09,16.131
2013-09-10,16.114
2013-09-11,16.097
2013-09-12,16.08
2013-09-13,16.063
2013-09-14,16.046
2013-09-15,16.029
2013-09-16,16.012
2013-09-17,15.995
2013-09-18,15.978
2013-09-19,15.960999999999999
2013-09-20,15.943999999999999
2013-09-21,15.927
2013-09-22,15.91
2013-09-23,15.892999999999999
2013-09-24,15.876
2013-09-25,15.859
2013-09-26,15.841999999999999
2013-09-27,15.825
2013-09-28,15.808
2013-09-29,15.791
2013-09-30,15.774
2013-10-01,15.757
2013-10-02,15.739999999999998
2013-10-03,15.722999999999999
2013-10-04,15.706
2013-10-05,15.689
2013-10-06,15.671999999999999
2013-10-07,15.655
2013-10-08,15.637999999999998
2013-10-09,15.620999999999999
2013-10-10,15.604
2013-10-11,15.587
2013-10-12,15.57
2013-10-13,15.552999999999999
2013-10-14,15.536
2013-10-15,15.518999999999998
2013-10-16,15.501999999999999
2013-10-17,15.485
2013-10-18,15.468
2013-10-19,15.451
2013-10-20,15.434
2013-10-21,15.417
2013-10-22,15.399999999999999
2013-10-23,15.383
2013-10-24,15.366
2013-10-25,15.349
2013-10-26,15.332
2013-10-27,15.315
2013-10-28,15.297999999999998
2013-10-29,15.280999999999999
2013-10-30,15.264
2013-10-31,15.247
2013-11-01,15.23
2013-11-02,15.213
2013-11-03,15.196
2013-11-04,15.178999999999998
2013-11-05,15.161999999999999
2013-11-06,15.145
2013-11-07,15.128
2013-11-08,15.111
2013-11-09,15.094
2013-11-10,15.077
2013-11-11,15.059999999999999
2013-11-12,15.043
2013-11-13,15.026
2013-11-14,15.009
2013-11-15,14.992
2013-11-16,14.975
2013-11-17,14.957999999999998
2013-11-18,14.940999999999999
2013-11-19,14.924
2013-11-20,14.907
2013-11-21,14.89
2013-11-22,14.873
2013-11-23,14.856
2013-11-24,14.838999999999999
2013-11-25,14.822
2013-11-26,14.805
2013-11-27,14.788
2013-11-28,14.771
2013-11-29,14.754
2013-11-30,14.736999999999998
2013-12-01,14.719999999999999
2013-12-02,14.703
2013-12-03,14.686
2013-12-04,14.669
2013-12-05,14.652
2013-12-06,14.635
2013-12-07,14.617999999999999
2013-12-08,14.600999999999999
2013-12-09,14.584
2013-12-10,14.567
2013-12-11,14.55
2013-12-12,14.533
2013-12-13,14.516
2013-12-14,14.498999999999999
2013-12-15,14.482
2013-12-16,14.465
2013-12-17,14.448
2013-12-18,14.431000000000001
2013-12-19,14.414
2013-12-20,14.396999999999998
2013-12-21,14.379999999999999
2013-12-22,14.363
2013-12-23,14.346
2013-12-24,14.329
2013-12-25,14.312
2013-12-26,14.295
2013-12-27,14.277999999999999
2013-12-28,14.261
2013-12-29,14.244
2013-12-30,14.227
2013-12-31,14.21
2014-01-01,14.193
2014-01-02,14.176
2014-01-03,14.158999999999999
2014-01-04,14.142
2014-01-05,14.125
2014-01-06,14.108
2014-01-07,14.091000000000001
2014-01-08,14.074
2014-01-09,14.056999999999999
2014-01-10,14.04
2014-01-11,14.023
2014-01-12,14.006
2014-01-13,13.989
2014-01-14,13.972
2014-01-15,13.955
2014-01-16,13.937999999999999
2014-01-17,13.921
2014-01-18,13.904
2014-01-19,13.887
2014-01-20,13.870000000000001
2014-01-21,13.853
2014-01-22,13.835999999999999
2014-01-23,13.818999999999999
2014-01-24,13.802
2014-01-25,13.785
2014-01-26,13.768
2014-01-27,13.751
2014-01-28,13.734
2014-01-29,13.716999999999999
2014-01-30,13.7
2014-01-31,13.683
2014-02-01,13.666
2014-02-02,13.649000000000001
2014-02-03,13.632
2014-02-04,13.615
2014-02-05,13.597999999999999
2014-02-06,13.581
2014-02-07,13.564
2014-02-08,13.547
2014-02-09,13.530000000000001
2014-02-10,13.513
2014-02-11,13.495999999999999
2014-02-12,13.479
2014-02-13,13.462
2014-02-14,13.445
2014-02-15,13.428
2014-02-16,13.411
2014-02-17,13.394
2014-02-18,13.376999999999999
2014-02-19,13.36
2014-02-20,13.343
2014-02-21,13.326
2014-02-22,13.309000000000001
2014-02-23,13.292
2014-02-24,13.275
2014-02-25,13.258
2014-02-26,13.241
2014-02-27,13.224
2014-02-28,13.207
2014-03-01,13.190000000000001
2014-03-02,13.173
2014-03-03,13.155999999999999
2014-03-04,13.139
2014-03-05,13.122
2014-03-06,13.105
2014-03-07,13.088000000000001
2014-03-08,13.071
2014-03-09,13.054
2014-03-10,13.036999999999999
2014-03-11,13.02
2014-03-12,13.003
2014-03-13,12.986
2014-03-14,12.969000000000001
2014-03-15,12.952
2014-03-16,12.934999999999999
2014-03-17,12.918
2014-03-18,12.901
2014-03-19,12.884
2014-03-20,12.867
2014-03-21,12.85
2014-03-22,12.833
2014-03-23,12.815999999999999
2014-03-24,12.799
2014-03-25,12.782
2014-03-26,12.765
2014-03-27,12.748000000000001
2014-03-28,12.731
2014-03-29,12.714
2014-03-30,12.697
2014-03-31,12.68
2014-04-01,12.663
2014-04-02,12.646
2014-04-03,12.629000000000001
2014-04-04,12.612
2014-04-05,12.594999999999999
2014-04-06,12.578
2014-04-07,12.561
2014-04-08,12.544
2014-04-09,12.527000000000001
2014-04-10,12.51
2014-04-11,12.493
2014-04-12,12.475999999999999
2014-04-13,12.459
2014-04-14,12.442
2014-04-15,12.425
2014-04-16,12.408000000000001
2014-04-17,12.391
2014-04-18,12.374
2014-04-19,12.357
2014-04-20,12.34
2014-04-21,12.323
2014-04-22,12.306000000000001
2014-04-23,12.289000000000001
2014-04-24,12.272
2014-04-25,12.254999999999999
2014-04-26,12.238
2014-04-27,12.221
2014-04-28,12.204
2014-04-29,12.187000000000001
2014-04-30,12.17
2014-05-01,12.153
2014-05-02,12.136
2014-05-03,12.119
2014-05-04,12.102
2014-05-05,12.085
2014-05-06,12.068000000000001
2014-05-07,12.051
2014-05-08,12.033999999999999
2014-05-09,12.017
2014-05-10,12.0
2014-05-11,11.983
2014-05-12,11.966000000000001
2014-05-13,11.949
2014-05-14,11.932
2014-05-15,11.915
2014-05-16,11.898
2014-05-17,11.881
2014-05-18,11.864
2014-05-19,11.847000000000001
2014-05-20,11.83
2014-05-21,11.813
2014-05-22,11.796
2014-05-23,11.779
2014-05-24,11.762
2014-05-25,11.745000000000001
2014-05-26,11.728000000000002
2014-05-27,11.711
2014-05-28,11.693999999999999
2014-05-29,11.677
2014-05-30,11.66
2014-05-31,11.643
2014-06-01,11.626
2014-06-02,11.609
2014-06-03,11.592
2014-06-04,11.575000000000001
2014-06-05,11.558
2014-06-06,11.541
2014-06-07,11.524000000000001
2014-06-08,11.507
2014-06-09,11.49
2014-06-10,11.473
2014-06-11,11.456
2014-06-12,11.439
2014-06-13,11.422
2014-06-14,11.405000000000001
2014-06-15,11.388
2014-06-16,11.371
2014-06-17,11.354000000000001
2014-06-18,11.337
2014-06-19,11.32
2014-06-20,11.303
2014-06-21,11.286
2014-06-22,11.269
2014-06-23,11.252
2014-06-24,11.235000000000001
2014-06-25,11.218
2014-06-26,11.201
2014-06-27,11.184000000000001
2014-06-28,11.167
2014-06-29,11.15
2014-06-30,11.133000000000001
2014-07-01,11.116
2014-07-02,11.099
2014-07-03,11.082
2014-07-04,11.065000000000001
2014-07-05,11.048
2014-07-06,11.031
2014-07-07,11.014000000000001
2014-07-08,10.997
2014-07-09,10.98
2014-07-10,10.963000000000001
2014-07-11,10.946
2014-07-12,10.929
2014-07-13,10.912
2014-07-14,10.895
2014-07-15,10.878
2014-07-16,10.861
2014-07-17,10.844000000000001
2014-07-18,10.827
2014-07-19,10.81
2014-07-20,10.793000000000001
2014-07-21,10.776
2014-07-22,10.759
2014-07-23,10.742
2014-07-24,10.725
2014-07-25,10.708
2014-07-26,10.691
2014-07-27,10.674000000000001
2014-07-28,10.657
2014-07-29,10.64
2014-07-30,10.67
2014-07-31,10.665
2014-08-01,10.665
2014-08-02,10.663333333333332
2014-08-03,10.661666666666667
2014-08-04,10.66
2014-08-05,10.615
2014-08-06,10.615
2014-08-07,10.615
2014-08-08,10.635
2014-08-09,10.655
2014-08-10,10.675
2014-08-11,10.695
2014-08-12,10.71
2014-08-13,10.705
2014-08-14,10.7
2014-08-15,11.024999999999999
2014-08-16,11.35
2014-08-17,11.675
2014-08-18,12.0
2014-08-19,12.09
2014-08-20,12.09
2014-08-21,12.025
2014-08-22,12.08
2014-08-23,11.75
2014-08-24,11.42
2014-08-25,11.09
2014-08-26,12.435
2014-08-27,12.3
2014-08-28,12.42
2014-08-29,12.41
2014-08-30,12.50375
2014-08-31,12.5975
2014-09-01,12.69125
2014-09-02,12.785
2014-09-03,12.78
2014-09-04,12.77
2014-09-05,12.77
2014-09-06,12.768333333333333
2014-09-07,12.766666666666667
2014-09-08,12.765
2014-09-09,12.77
2014-09-10,12.84
2014-09-11,12.825
2014-09-12,12.83
2014-09-13,13.28375
2014-09-14,13.737499999999999
2014-09-15,14.19125
2014-09-16,14.645
2014-09-17,14.595
2014-09-18,14.595
2014-09-19,13.16
2014-09-20,13.638333333333334
2014-09-21,14.116666666666667
2014-09-22,14.595
2014-09-23,14.595
2014-09-24,14.595
2014-09-25,14.595
2014-09-26,14.55
2014-09-27,14.525
2014-09-28,14.5
2014-09-29,14.475
2014-09-30,14.475
2014-10-01,14.475
2014-10-02,14.455
2014-10-03,14.455
2014-10-04,14.45
2014-10-05,14.445
2014-10-06,14.44
2014-10-07,14.455
2014-10-08,14.455
2014-10-09,14.47
2014-10-10,14.45
2014-10-11,14.445
2014-10-12,14.44
2014-10-13,14.435
2014-10-14,14.43
2014-10-15,14.43
2014-10-16,14.925
2014-10-17,14.355
2014-10-18,14.31
2014-10-19,14.265
2014-10-20,14.22
2014-10-21,13.94
2014-10-22,13.94
2014-10-23,13.655
2014-10-24,13.655
2014-10-25,13.583333333333332
2014-10-26,13.511666666666667
2014-10-27,13.44
2014-10-28,13.36
2014-10-29,13.265
2014-10-30,13.21
2014-10-31,13.065
2014-11-01,13.048333333333334
2014-11-02,13.031666666666666
2014-11-03,13.015
2014-11-04,12.745
2014-11-05,12.64
2014-11-06,12.61
2014-11-07,12.58
2014-11-08,12.571666666666667
2014-11-09,12.563333333333333
2014-11-10,12.555
2014-11-11,12.54
2014-11-12,12.535
2014-11-13,12.505
2014-11-14,12.041250000000002
2014-11-15,11.5775
2014-11-16,11.11375
2014-11-17,10.65
2014-11-18,10.46
2014-11-19,10.415
2014-11-20,10.245
2014-11-21,10.16
2014-11-22,10.141666666666667
2014-11-23,10.123333333333333
2014-11-24,10.105
2014-11-25,10.105
2014-11-26,10.105
2014-11-27,10.0975
2014-11-28,10.09
2014-11-29,10.088333333333333
2014-11-30,10.086666666666668
2014-12-01,10.085
2014-12-02,10.08
2014-12-03,10.075
2014-12-04,10.04
2014-12-05,10.07
2014-12-06,10.068333333333333
2014-12-07,10.066666666666666
2014-12-08,10.065
2014-12-09,10.055
2014-12-10,10.055
2014-12-11,10.06
2014-12-12,10.06
2014-12-13,10.088750000000001
2014-12-14,10.1175
2014-12-15,10.14625
2014-12-16,10.175
2014-12-17,10.175
2014-12-18,10.13
2014-12-19,10.075
2014-12-20,10.078333333333333
2014-12-21,10.081666666666667
2014-12-22,10.085
2014-12-23,10.085
2014-12-24,10.085
2014-12-25,10.085
2014-12-26,10.085
2014-12-27,10.075000000000001
2014-12-28,10.065
2014-12-29,10.055
2014-12-30,10.055
2014-12-31,10.055
2015-01-01,10.055
2015-01-02,10.055
2015-01-03,10.038333333333334
2015-01-04,10.021666666666667
2015-01-05,10.005
2015-01-06,9.985
2015-01-07,9.985
2015-01-08,9.975
2015-01-09,9.975
2015-01-10,9.968333333333334
2015-01-11,9.961666666666666
2015-01-12,9.955
2015-01-13,9.96
2015-01-14,9.925
2015-01-15,9.4625
2015-01-16,9.0
2015-01-17,8.89875
2015-01-18,8.7975
2015-01-19,8.696250000000001
2015-01-20,8.595
2015-01-21,8.335
2015-01-22,8.135
2015-01-23,7.945
2015-01-24,7.945
2015-01-25,7.945
2015-01-26,7.945
2015-01-27,7.775
2015-01-28,7.745
2015-01-29,7.6
2015-01-30,7.55
2015-01-31,7.533333333333333
2015-02-01,7.516666666666667
2015-02-02,7.5
2015-02-03,7.465
2015-02-04,7.465
2015-02-05,7.415
2015-02-06,7.42
2015-02-07,7.423333333333333
2015-02-08,7.426666666666667
2015-02-09,7.43
2015-02-10,7.43
2015-02-11,7.43
2015-02-12,7.43
2015-02-13,7.289
2015-02-14,7.148
2015-02-15,7.007
2015-02-16,6.866
2015-02-17,6.725
2015-02-18,6.725
2015-02-19,6.725
2015-02-20,6.725
2015-02-21,6.779999999999999
2015-02-22,6.835
2015-02-23,6.89
2015-02-24,6.89
2015-02-25,6.98
2015-02-26,7.05
2015-02-27,7.2
2015-02-28,7.233333333333333
2015-03-01,7.266666666666667
2015-03-02,7.3
2015-03-03,7.29
2015-03-04,7.28
2015-03-05,7.27
2015-03-06,7.2
2015-03-07,7.218333333333334
2015-03-08,7.236666666666666
2015-03-09,7.255
2015-03-10,7.265
2015-03-11,7.28
2015-03-12,7.28
2015-03-13,7.36625
2015-03-14,7.452500000000001
2015-03-15,7.53875
2015-03-16,7.625
2015-03-17,7.72
2015-03-18,7.72
2015-03-19,7.72
2015-03-20,7.72
2015-03-21,7.681666666666667
2015-03-22,7.6433333333333335
2015-03-23,7.605
2015-03-24,7.605
2015-03-25,7.535
2015-03-26,7.535
2015-03-27,7.535
2015-03-28,7.535
2015-03-29,7.535
2015-03-30,7.535
2015-03-31,7.525
2015-04-01,7.52
2015-04-02,7.45
2015-04-03,7.45
2015-04-04,7.468333333333334
2015-04-05,7.486666666666666
2015-04-06,7.505
2015-04-07,7.4
2015-04-08,7.4
2015-04-09,7.39
2015-04-10,7.39
2015-04-11,7.386666666666667
2015-04-12,7.383333333333333
2015-04-13,7.38
2015-04-14,7.38
2015-04-15,7.1274999999999995
2015-04-16,6.875
2015-04-17,6.875
2015-04-18,6.875
2015-04-19,6.875
2015-04-20,6.875
2015-04-21,6.96
2015-04-22,6.98
2015-04-23,6.98
2015-04-24,7.09
2015-04-25,7.09
2015-04-26,7.09
2015-04-27,7.09
2015-04-28,7.105
2015-04-29,7.105
2015-04-30,7.09
2015-05-01,7.09
2015-05-02,7.091666666666667
2015-05-03,7.093333333333333
2015-05-04,7.095
2015-05-05,7.03
2015-05-06,7.03
2015-05-07,7.03
2015-05-08,7.06
2015-05-09,7.08
2015-05-10,7.1
2015-05-11,7.12
2015-05-12,7.12
2015-05-13,7.12
2015-05-14,7.115
2015-05-15,7.1925
2015-05-16,7.27
2015-05-17,7.3475
2015-05-18,7.425
2015-05-19,7.425
2015-05-20,7.75
2015-05-21,7.75
2015-05-22,7.75
2015-05-23,7.75
2015-05-24,7.75
2015-05-25,7.75
2015-05-26,7.75
2015-05-27,7.75
2015-05-28,7.75
2015-05-29,7.725
2015-05-30,7.725
2015-05-31,7.725
2015-06-01,7.725
2015-06-02,7.725
2015-06-03,7.68
2015-06-04,7.66
2015-06-05,7.64
2015-06-06,7.6433333333333335
2015-06-07,7.6466666666666665
2015-06-08,7.65
2015-06-09,7.645
2015-06-10,7.645
2015-06-11,7.62
2015-06-12,7.615
2015-06-13,7.615
2015-06-14,7.615
2015-06-15,7.615
2015-06-16,7.2
2015-06-17,7.2
2015-06-18,7.2
2015-06-19,7.3
2015-06-20,7.35
2015-06-21,7.35
2015-06-22,7.35
2015-06-23,7.35
2015-06-24,7.35
2015-06-25,7.35
2015-06-26,7.35
2015-06-27,7.35
2015-06-28,7.4
2015-06-29,7.4
2015-06-30,7.4
2015-07-01,7.4
2015-07-02,7.4
2015-07-03,7.4
2015-07-04,7.4
2015-07-05,7.4
2015-07-06,7.4
2015-07-07,7.5
2015-07-08,7.5
2015-07-09,7.38
2015-07-10,7.38
2015-07-11,7.385
2015-07-12,7.39
2015-07-13,7.395
2015-07-14,7.395
2015-07-15,7.395
2015-07-16,7.825
2015-07-17,7.825
2015-07-18,7.825
2015-07-19,7.825
2015-07-20,7.825
2015-07-21,7.825
2015-07-22,7.825
2015-07-23,7.825
2015-07-24,7.88
2015-07-25,7.903333333333333
2015-07-26,7.926666666666667
2015-07-27,7.95
2015-07-28,7.95
2015-07-29,8.01
2015-07-30,8.04
2015-07-31,8.065
2015-08-01,8.065
2015-08-02,8.065
2015-08-03,8.065
2015-08-04,8.065
2015-08-05,8.03
2015-08-06,8.03
2015-08-07,8.03
2015-08-08,8.03
2015-08-09,8.03
2015-08-10,8.03
2015-08-11,8.02
2015-08-12,8.015
2015-08-13,8.01
2015-08-14,8.01
2015-08-15,7.99
2015-08-16,7.97
2015-08-17,7.95
2015-08-18,7.855
2015-08-19,7.855
2015-08-20,7.81
2015-08-21,7.73
2015-08-22,7.73
2015-08-23,7.73
2015-08-24,7.73
2015-08-25,7.695
2015-08-26,7.695
2015-08-27,7.695
2015-08-28,7.665
2015-08-29,7.665
2015-08-30,7.665
2015-08-31,7.665
2015-09-01,7.665
2015-09-02,7.64
2015-09-03,7.62
2015-09-04,7.615
2015-09-05,7.59875
2015-09-06,7.5825
2015-09-07,7.56625
2015-09-08,7.55
2015-09-09,7.55
2015-09-10,7.55
2015-09-11,7.55
2015-09-12,7.543333333333333
2015-09-13,7.536666666666667
2015-09-14,7.53
2015-09-15,7.53
2015-09-16,7.0
2015-09-17,7.0
2015-09-18,6.955
2015-09-19,6.926666666666667
2015-09-20,6.898333333333333
2015-09-21,6.87
2015-09-22,6.87
2015-09-23,6.83
2015-09-24,6.83
2015-09-25,6.83
2015-09-26,6.83
2015-09-27,6.83
2015-09-28,6.83
2015-09-29,6.77
2015-09-30,6.71
2015-10-01,6.71
2015-10-02,6.665
2015-10-03,6.665
2015-10-04,6.665
2015-10-05,6.665
2015-10-06,6.665
2015-10-07,6.665
2015-10-08,6.695
2015-10-09,6.695
2015-10-10,6.695
2015-10-11,6.695
2015-10-12,6.695
2015-10-13,6.695
2015-10-14,6.7
2015-10-15,6.7
2015-10-16,6.8
2015-10-17,6.816666666666666
2015-10-18,6.833333333333333
2015-10-19,6.85
2015-10-20,7.03
2015-10-21,7.03
2015-10-22,7.03
2015-10-23,7.065
2015-10-24,7.076666666666667
2015-10-25,7.088333333333333
2015-10-26,7.1
2015-10-27,7.1
2015-10-28,7.1
2015-10-29,7.1
2015-10-30,7.125
2015-10-31,7.125
2015-11-01,7.125
2015-11-02,7.125
2015-11-03,7.245
2015-11-04,7.245
2015-11-05,7.245
2015-11-06,7.27
2015-11-07,7.273333333333333
2015-11-08,7.276666666666666
2015-11-09,7.28
2015-11-10,7.28
2015-11-11,7.28
2015-11-12,7.28
2015-11-13,7.35375
2015-11-14,7.4275
2015-11-15,7.501250000000001
2015-11-16,7.575
2015-11-17,7.575
2015-11-18,7.575
2015-11-19,7.53
2015-11-20,7.49
2015-11-21,7.49
2015-11-22,7.49
2015-11-23,7.49
2015-11-24,7.42
2015-11-25,7.35
2015-11-26,7.319999999999999
2015-11-27,7.29
2015-11-28,7.285
2015-11-29,7.28
2015-11-30,7.275
2015-12-01,7.35
2015-12-02,7.35
2015-12-03,7.39
2015-12-04,7.39
2015-12-05,7.39
2015-12-06,7.39
2015-12-07,7.39
2015-12-08,7.39
2015-12-09,7.39
2015-12-10,7.39
2015-12-11,7.39
2015-12-12,7.39
2015-12-13,7.39
2015-12-14,7.39
2015-12-15,7.39
2015-12-16,7.2
2015-12-17,7.2
2015-12-18,7.2
2015-12-19,7.171666666666667
2015-12-20,7.1433333333333335
2015-12-21,7.115
2015-12-22,7.03
2015-12-23,7.03
2015-12-24,6.96
2015-12-25,6.95125
2015-12-26,6.9425
2015-12-27,6.93375
2015-12-28,6.925
2015-12-29,6.86
2015-12-30,6.86
2015-12-31,6.86
2016-01-01,6.86
2016-01-02,6.86
2016-01-03,6.86
2016-01-04,6.86
2016-01-05,6.825
2016-01-06,6.805
2016-01-07,6.775
2016-01-08,6.775
2016-01-09,6.775
2016-01-10,6.775
2016-01-11,6.775
2016-01-12,6.755
2016-01-13,6.74
2016-01-14,6.725
2016-01-15,6.476999999999999
2016-01-16,6.229
2016-01-17,5.981
2016-01-18,5.7330000000000005
2016-01-19,5.485
2016-01-20,5.305
2016-01-21,5.14
2016-01-22,5.12
2016-01-23,5.12
2016-01-24,5.12
2016-01-25,5.12
2016-01-26,5.12
2016-01-27,5.055
2016-01-28,5.055
2016-01-29,5.055
2016-01-30,5.071666666666666
2016-01-31,5.088333333333334
2016-02-01,5.105
2016-02-02,5.23
2016-02-03,5.305
2016-02-04,5.38
2016-02-05,5.38
2016-02-06,5.38
2016-02-07,5.38
2016-02-08,5.38
2016-02-09,5.38
2016-02-10,5.38
2016-02-11,5.38
2016-02-12,5.38
2016-02-13,5.21
2016-02-14,5.04
2016-02-15,4.87
2016-02-16,4.7
2016-02-17,4.7
2016-02-18,4.655
2016-02-19,4.655
2016-02-20,4.628333333333334
2016-02-21,4.601666666666667
2016-02-22,4.575
2016-02-23,4.535
2016-02-24,4.465
2016-02-25,4.465
2016-02-26,4.435
2016-02-27,4.435
2016-02-28,4.435
2016-02-29,4.435
2016-03-01,4.405
2016-03-02,4.405
2016-03-03,4.405
2016-03-04,4.39
2016-03-05,4.39
2016-03-06,4.39
2016-03-07,4.39
2016-03-08,4.4
2016-03-09,4.425
2016-03-10,4.445
2016-03-11,4.46
2016-03-12,4.46
2016-03-13,4.46
2016-03-14,4.46
2016-03-15,4.46
2016-03-16,4.4
2016-03-17,4.4
2016-03-18,4.4
2016-03-19,4.371666666666667
2016-03-20,4.343333333333334
2016-03-21,4.315
2016-03-22,4.315
2016-03-23,4.315
2016-03-24,4.315
2016-03-25,4.315
2016-03-26,4.315
2016-03-27,4.315
2016-03-28,4.315
2016-03-29,4.315
2016-03-30,4.315
2016-03-31,4.285
2016-04-01,4.285
2016-04-02,4.278333333333333
2016-04-03,4.2716666666666665
2016-04-04,4.265
2016-04-05,4.265
2016-04-06,4.255
2016-04-07,4.255
2016-04-08,4.2318181818181815
2016-04-09,4.208636363636364
2016-04-10,4.1854545454545455
2016-04-11,4.162272727272727
2016-04-12,4.139090909090909
2016-04-13,4.115909090909091
2016-04-14,4.092727272727273
2016-04-15,4.069545454545454
2016-04-16,4.046363636363636
2016-04-17,4.023181818181818
2016-04-18,4.0
2016-04-19,4.0
2016-04-20,4.045
2016-04-21,4.295
2016-04-22,4.295
2016-04-23,4.333333333333333
2016-04-24,4.371666666666667
2016-04-25,4.41
2016-04-26,4.475
2016-04-27,4.54
2016-04-28,4.57
2016-04-29,4.57
2016-04-30,4.57
2016-05-01,4.57
2016-05-02,4.57
2016-05-03,4.52
2016-05-04,4.5
2016-05-05,4.5
2016-05-06,4.47
2016-05-07,4.465
2016-05-08,4.46
2016-05-09,4.455
2016-05-10,4.455
2016-05-11,4.455
2016-05-12,4.46
2016-05-13,4.46375
2016-05-14,4.467499999999999
2016-05-15,4.4712499999999995
2016-05-16,4.475
2016-05-17,4.475
2016-05-18,4.61
2016-05-19,4.61
2016-05-20,4.61
2016-05-21,4.61
2016-05-22,4.61
2016-05-23,4.61
2016-05-24,4.61
2016-05-25,4.61
2016-05-26,4.66
2016-05-27,4.66
2016-05-28,4.6725
2016-05-29,4.6850000000000005
2016-05-30,4.6975
2016-05-31,4.71
2016-06-01,4.69
2016-06-02,4.755
2016-06-03,4.755
2016-06-04,4.76
2016-06-05,4.765
2016-06-06,4.77
2016-06-07,4.8
2016-06-08,4.8
2016-06-09,4.8
2016-06-10,4.82
2016-06-11,4.825
2016-06-12,4.83
2016-06-13,4.835
2016-06-14,4.835
2016-06-15,4.835
2016-06-16,5.05
2016-06-17,5.05
2016-06-18,5.0649999999999995
2016-06-19,5.08
2016-06-20,5.095
2016-06-21,5.265
2016-06-22,5.265
2016-06-23,5.305
2016-06-24,5.305
2016-06-25,5.283333333333333
2016-06-26,5.261666666666667
2016-06-27,5.24
2016-06-28,5.24
2016-06-29,5.24
2016-06-30,5.215
2016-07-01,5.215
2016-07-02,5.21
2016-07-03,5.205
2016-07-04,5.2
2016-07-05,5.195
2016-07-06,5.195
2016-07-07,5.195
2016-07-08,5.225
2016-07-09,5.2316666666666665
2016-07-10,5.238333333333333
2016-07-11,5.245
2016-07-12,5.255
2016-07-13,5.265
2016-07-14,5.275
2016-07-15,5.275
2016-07-16,5.4
2016-07-17,5.525
2016-07-18,5.65
2016-07-19,5.745
2016-07-20,5.79
2016-07-21,5.875
2016-07-22,5.955
2016-07-23,5.968333333333334
2016-07-24,5.9816666666666665
2016-07-25,5.995
2016-07-26,5.995
2016-07-27,5.995
2016-07-28,5.995
2016-07-29,5.995
2016-07-30,5.995
2016-07-31,5.995
2016-08-01,5.995
2016-08-02,5.925
2016-08-03,5.845
2016-08-04,5.845
2016-08-05,5.845
2016-08-06,5.836666666666667
2016-08-07,5.828333333333333
2016-08-08,5.82
2016-08-09,5.82
2016-08-10,5.805
2016-08-11,5.805
2016-08-12,5.805
2016-08-13,5.805
2016-08-14,5.805
2016-08-15,5.805
2016-08-16,5.45
2016-08-17,5.5
2016-08-18,5.5
2016-08-19,5.625
2016-08-20,5.625
2016-08-21,5.625
2016-08-22,5.625
2016-08-23,5.55
2016-08-24,5.55
2016-08-25,5.55
2016-08-26,5.52
2016-08-27,5.5
2016-08-28,5.4799999999999995
2016-08-29,5.46
2016-08-30,5.46
2016-08-31,5.435
2016-09-01,5.435
2016-09-02,5.435
2016-09-03,5.435
2016-09-04,5.435
2016-09-05,5.435
2016-09-06,5.435
2016-09-07,5.435
2016-09-08,5.48
2016-09-09,5.48
2016-09-10,5.470000000000001
2016-09-11,5.46
2016-09-12,5.45
2016-09-13,5.48
2016-09-14,5.47
2016-09-15,5.47
2016-09-16,5.625
2016-09-17,5.625
2016-09-18,5.625
2016-09-19,5.625
2016-09-20,5.625
2016-09-21,5.69
2016-09-22,5.69
2016-09-23,5.725
2016-09-24,5.738333333333333
2016-09-25,5.751666666666666
2016-09-26,5.765
2016-09-27,5.765
2016-09-28,5.825
2016-09-29,5.84
2016-09-30,5.905
2016-10-01,5.92
2016-10-02,5.9350000000000005
2016-10-03,5.95
2016-10-04,5.975
2016-10-05,5.97
2016-10-06,5.97
2016-10-07,5.985
2016-10-08,5.985
2016-10-09,5.985
2016-10-10,5.985
2016-10-11,5.98
2016-10-12,5.975
2016-10-13,5.98
2016-10-14,6.14125
2016-10-15,6.3025
2016-10-16,6.46375
2016-10-17,6.625
2016-10-18,6.675
2016-10-19,6.675
2016-10-20,6.715
2016-10-21,6.8
2016-10-22,6.8
2016-10-23,6.8
2016-10-24,6.8
2016-10-25,6.835
2016-10-26,6.835
2016-10-27,6.9
2016-10-28,6.955
2016-10-29,6.96
2016-10-30,6.965
2016-10-31,6.97
2016-11-01,6.97
2016-11-02,6.99
2016-11-03,6.98
2016-11-04,7.02
2016-11-05,7.0216666666666665
2016-11-06,7.023333333333333
2016-11-07,7.025
2016-11-08,7.05
2016-11-09,7.06
2016-11-10,7.04
2016-11-11,7.045
2016-11-12,7.04
2016-11-13,7.035
2016-11-14,7.03
2016-11-15,7.03
2016-11-16,7.3
2016-11-17,7.155
2016-11-18,7.055
2016-11-19,7.088333333333333
2016-11-20,7.121666666666667
2016-11-21,7.155
2016-11-22,7.155
2016-11-23,7.12
2016-11-24,7.1000000000000005
2016-11-25,7.08
2016-11-26,7.08
2016-11-27,7.08
2016-11-28,7.08
2016-11-29,7.14
2016-11-30,7.18
2016-12-01,7.33
2016-12-02,7.36
2016-12-03,7.42
2016-12-04,7.48
2016-12-05,7.54
2016-12-06,7.65
2016-12-07,7.65
2016-12-08,7.775
2016-12-09,7.83
2016-12-10,7.845
2016-12-11,7.86
2016-12-12,7.875
2016-12-13,7.855
2016-12-14,7.855
2016-12-15,7.855
2016-12-16,8.8
2016-12-17,8.8
2016-12-18,8.8
2016-12-19,8.8
2016-12-20,8.8
2016-12-21,8.8
2016-12-22,8.8
2016-12-23,8.8
2016-12-24,8.8
2016-12-25,8.8
2016-12-26,8.8
2016-12-27,8.8
2016-12-28,8.8
2016-12-29,8.8
2016-12-30,8.8
2016-12-31,8.8
2017-01-01,8.8
2017-01-02,8.8
2017-01-03,8.8
2017-01-04,8.8
2017-01-05,8.8
2017-01-06,8.8
2017-01-07,8.8
2017-01-08,8.8
2017-01-09,8.8
2017-01-10,8.8
2017-01-11,8.8
2017-01-12,8.8
2017-01-13,8.8
2017-01-14,8.6
2017-01-15,8.4
2017-01-16,8.2
2017-01-17,8.0
2017-01-18,8.0
2017-01-19,8.0
2017-01-20,8.0
2017-01-21,8.0
2017-01-22,8.0
2017-01-23,8.0
2017-01-24,8.0
2017-01-25,8.0
2017-01-26,8.0
2017-01-27,8.0
2017-01-28,8.0
2017-01-29,8.0
2017-01-30,8.0
2017-01-31,8.0
2017-02-01,8.0
2017-02-02,8.0
2017-02-03,8.0
2017-02-04,8.0
2017-02-05,8.0
2017-02-06,8.0
2017-02-07,8.0
2017-02-08,8.0
2017-02-09,8.0
2017-02-10,8.0
2017-02-11,8.0
2017-02-12,8.0
2017-02-13,8.0
2017-02-14,8.0
2017-02-15,8.0
2017-02-16,6.65
2017-02-17,6.65
2017-02-18,6.65
2017-02-19,6.65
2017-02-20,6.65
2017-02-21,6.65
2017-02-22,6.65
2017-02-23,6.65
2017-02-24,6.65
2017-02-25,6.65
2017-02-26,6.65
2017-02-27,6.65
2017-02-28,6.65
2017-03-01,6.65
2017-03-02,6.65
2017-03-03,6.65
2017-03-04,6.65
2017-03-05,6.65
2017-03-06,6.65
2017-03-07,6.65
2017-03-08,6.65
2017-03-09,6.65
2017-03-10,6.65
2017-03-11,6.65
2017-03-12,6.65
2017-03-13,6.65
2017-03-14,6.65
2017-03-15,6.65
2017-03-16,6.2
2017-03-17,6.2
2017-03-18,6.2
2017-03-19,6.2
2017-03-20,6.2
2017-03-21,6.2
2017-03-22,6.2
2017-03-23,6.2
2017-03-24,6.2
2017-03-25,6.2
2017-03-26,6.2
2017-03-27,6.2
2017-03-28,6.2
2017-03-29,6.2
2017-03-30,6.2
2017-03-31,6.2
2017-04-01,6.2
2017-04-02,6.2
2017-04-03,6.2
2017-04-04,6.2
2017-04-05,6.2
2017-04-06,6.2
2017-04-07,6.2
2017-04-08,6.2
2017-04-09,6.2
2017-04-10,6.2
2017-04-11,6.2
2017-04-12,6.2
2017-04-13,6.2
2017-04-14,6.175
2017-04-15,6.15
2017-04-16,6.125
2017-04-17,6.1
2017-04-18,6.1
2017-04-19,6.1
2017-04-20,6.1
2017-04-21,6.1
2017-04-22,6.1
2017-04-23,6.1
2017-04-24,6.1
2017-04-25,6.1
2017-04-26,6.1
2017-04-27,6.1
2017-04-28,6.1
2017-04-29,6.1
2017-04-30,6.1
2017-05-01,6.1
2017-05-02,6.1
2017-05-03,6.1
2017-05-04,6.1
2017-05-05,6.1
2017-05-06,6.1
2017-05-07,6.1
2017-05-08,6.1
2017-05-09,6.1
2017-05-10,6.1
2017-05-11,6.1
2017-05-12,6.1
2017-05-13,6.1
2017-05-14,6.1
2017-05-15,6.1
2017-05-16,6.05
2017-05-17,6.05
2017-05-18,6.05
2017-05-19,6.05
2017-05-20,6.05
2017-05-21,6.05
2017-05-22,6.05
2017-05-23,6.05
2017-05-24,5.56
2017-05-25,5.525
2017-05-26,5.495
2017-05-27,5.4875
2017-05-28,5.48
2017-05-29,5.4725
2017-05-30,5.465
2017-05-31,5.465
2017-06-01,5.45
2017-06-02,5.45
2017-06-03,5.46
2017-06-04,5.470000000000001
2017-06-05,5.48
2017-06-06,5.485
2017-06-07,5.485
2017-06-08,5.475
2017-06-09,5.475
2017-06-10,5.476666666666667
2017-06-11,5.4783333333333335
2017-06-12,5.48
2017-06-13,5.48
2017-06-14,5.48
2017-06-15,5.48
2017-06-16,5.45
2017-06-17,5.45
2017-06-18,5.45
2017-06-19,5.45
2017-06-20,5.495
2017-06-21,5.495
2017-06-22,5.495
2017-06-23,5.495
2017-06-24,5.495
2017-06-25,5.495
2017-06-26,5.495
2017-06-27,5.495
2017-06-28,5.495
2017-06-29,5.495
2017-06-30,5.48
2017-07-01,5.483333333333333
2017-07-02,5.486666666666667
2017-07-03,5.49
2017-07-04,5.4775
2017-07-05,5.465
2017-07-06,5.445
2017-07-07,5.445
2017-07-08,5.445
2017-07-09,5.445
2017-07-10,5.445
2017-07-11,5.445
2017-07-12,5.445
2017-07-13,5.445
2017-07-14,5.445
2017-07-15,5.488333333333333
2017-07-16,5.531666666666667
2017-07-17,5.575
2017-07-18,5.575
2017-07-19,5.575
2017-07-20,5.595
2017-07-21,5.595
2017-07-22,5.601666666666667
2017-07-23,5.608333333333333
2017-07-24,5.615
2017-07-25,5.615
2017-07-26,5.65
2017-07-27,5.71
2017-07-28,5.74
2017-07-29,5.76
2017-07-30,5.78
2017-07-31,5.8
2017-08-01,5.775
2017-08-02,5.775
2017-08-03,5.78
2017-08-04,5.81
2017-08-05,5.8116666666666665
2017-08-06,5.8133333333333335
2017-08-07,5.815
2017-08-08,5.845
2017-08-09,5.845
2017-08-10,5.85
2017-08-11,5.85
2017-08-12,5.851666666666667
2017-08-13,5.8533333333333335
2017-08-14,5.855
2017-08-15,5.87
2017-08-16,6.275
2017-08-17,6.25
2017-08-18,6.25
2017-08-19,6.221666666666667
2017-08-20,6.193333333333333
2017-08-21,6.165
2017-08-22,6.145
2017-08-23,6.145
2017-08-24,6.11
2017-08-25,6.11
2017-08-26,6.11
2017-08-27,6.11
2017-08-28,6.11
2017-08-29,6.125
2017-08-30,6.175
2017-08-31,6.13
2017-09-01,6.13
2017-09-02,6.141249999999999
2017-09-03,6.1525
2017-09-04,6.16375
2017-09-05,6.175
2017-09-06,6.175
2017-09-07,6.21
2017-09-08,6.235
2017-09-09,6.246666666666667
2017-09-10,6.258333333333333
2017-09-11,6.27
2017-09-12,6.27
2017-09-13,6.28
2017-09-14,6.305
2017-09-15,6.315
2017-09-16,6.760000000000001
2017-09-17,7.205
2017-09-18,7.65
2017-09-19,7.65
2017-09-20,7.695
2017-09-21,7.695
2017-09-22,7.775
2017-09-23,7.788333333333334
2017-09-24,7.801666666666667
2017-09-25,7.815
2017-09-26,8.025
2017-09-27,8.025
2017-09-28,8.055
2017-09-29,8.165
2017-09-30,8.166666666666666
2017-10-01,8.168333333333333
2017-10-02,8.17
2017-10-03,8.215
2017-10-04,8.215
2017-10-05,8.23
2017-10-06,8.245
2017-10-07,8.253333333333332
2017-10-08,8.261666666666667
2017-10-09,8.27
2017-10-10,8.27
2017-10-11,8.27
2017-10-12,8.27
2017-10-13,8.27
2017-10-14,8.496666666666666
2017-10-15,8.723333333333333
2017-10-16,8.95
2017-10-17,8.95
2017-10-18,8.95
2017-10-19,8.905
2017-10-20,8.86
2017-10-21,8.846666666666666
2017-10-22,8.833333333333334
2017-10-23,8.82
2017-10-24,8.82
2017-10-25,8.785
2017-10-26,8.85
2017-10-27,8.995
2017-10-28,8.995
2017-10-29,8.995
2017-10-30,8.995
2017-10-31,9.025
2017-11-01,9.025
2017-11-02,9.125
2017-11-03,9.125
2017-11-04,9.125
2017-11-05,9.125
2017-11-06,9.125
2017-11-07,9.125
2017-11-08,9.13
2017-11-09,9.13
2017-11-10,9.18
2017-11-11,9.183333333333334
2017-11-12,9.186666666666666
2017-11-13,9.19
2017-11-14,9.19
2017-11-15,9.185
2017-11-16,9.675
2017-11-17,9.675
2017-11-18,9.675
2017-11-19,9.675
2017-11-20,9.675
2017-11-21,9.695
2017-11-22,9.695
2017-11-23,9.7325
2017-11-24,9.77
2017-11-25,9.781666666666666
2017-11-26,9.793333333333333
2017-11-27,9.805
2017-11-28,9.805
2017-11-29,9.835
2017-11-30,9.81
2017-12-01,9.815
2017-12-02,9.821666666666667
2017-12-03,9.828333333333333
2017-12-04,9.835
2017-12-05,9.84
2017-12-06,9.855
2017-12-07,9.89
2017-12-08,9.89
2017-12-09,9.893333333333334
2017-12-10,9.896666666666667
2017-12-11,9.9
2017-12-12,9.915
2017-12-13,9.93
2017-12-14,9.96
2017-12-15,9.965
2017-12-16,10.243333333333334
2017-12-17,10.521666666666667
2017-12-18,10.8
2017-12-19,10.845
2017-12-20,10.96
2017-12-21,11.045
2017-12-22,11.045
2017-12-23,11.045
2017-12-24,11.045
2017-12-25,11.045
2017-12-26,11.045
2017-12-27,11.135
2017-12-28,11.135
2017-12-29,11.17
2017-12-30,11.16625
2017-12-31,11.1625
2018-01-01,11.15875
2018-01-02,11.155
2018-01-03,11.175
2018-01-04,11.17
2018-01-05,11.17
2018-01-06,11.17
2018-01-07,11.17
2018-01-08,11.17
2018-01-09,11.18
2018-01-10,11.185
2018-01-11,11.215
2018-01-12,11.23
2018-01-13,11.035
2018-01-14,10.84
2018-01-15,10.645
2018-01-16,10.45
2018-01-17,10.5
2018-01-18,10.545
2018-01-19,10.545
2018-01-20,10.538333333333334
2018-01-21,10.531666666666666
2018-01-22,10.525
2018-01-23,9.995
2018-01-24,9.89
2018-01-25,9.94
2018-01-26,10.04
2018-01-27,10.088333333333333
2018-01-28,10.136666666666667
2018-01-29,10.185
2018-01-30,10.305
2018-01-31,10.345
2018-02-01,10.345
2018-02-02,10.345
2018-02-03,10.368333333333334
2018-02-04,10.391666666666666
2018-02-05,10.415
2018-02-06,10.475
2018-02-07,10.475
2018-02-08,10.475
2018-02-09,10.475
2018-02-10,10.468333333333334
2018-02-11,10.461666666666666
2018-02-12,10.455
2018-02-13,10.45
2018-02-14,10.45
2018-02-15,10.45
2018-02-16,8.0
2018-02-17,8.05875
2018-02-18,8.1175
2018-02-19,8.17625
2018-02-20,8.235
2018-02-21,8.3
2018-02-22,8.295
2018-02-23,8.295
2018-02-24,8.286666666666667
2018-02-25,8.278333333333332
2018-02-26,8.27
2018-02-27,8.425
2018-02-28,8.35
2018-03-01,8.35
2018-03-02,8.37
2018-03-03,8.415
2018-03-04,8.46
2018-03-05,8.505
2018-03-06,8.495
2018-03-07,8.45
2018-03-08,8.46
2018-03-09,8.46
2018-03-10,8.46
2018-03-11,8.46
2018-03-12,8.46
2018-03-13,8.425
2018-03-14,8.405
2018-03-15,8.395
2018-03-16,7.48
2018-03-17,7.488333333333333
2018-03-18,7.496666666666667
2018-03-19,7.505
2018-03-20,7.43
2018-03-21,7.3
2018-03-22,7.235
2018-03-23,7.155
2018-03-24,7.155
2018-03-25,7.155
2018-03-26,7.155
2018-03-27,7.225
2018-03-28,7.22
2018-03-29,7.21
2018-03-30,7.203749999999999
2018-03-31,7.1975
2018-04-01,7.19125
2018-04-02,7.185
2018-04-03,7.145
2018-04-04,7.145
2018-04-05,7.155
2018-04-06,7.2
2018-04-07,7.1850000000000005
2018-04-08,7.17
2018-04-09,7.155
2018-04-10,7.175
2018-04-11,7.175
2018-04-12,7.175
2018-04-13,7.18
2018-04-14,7.319999999999999
2018-04-15,7.46
2018-04-16,7.6
2018-04-17,7.625
2018-04-18,7.685
2018-04-19,7.75
2018-04-20,7.725
2018-04-21,7.723333333333333
2018-04-22,7.721666666666667
2018-04-23,7.72
2018-04-24,8.0
2018-04-25,7.9
2018-04-26,7.9
2018-04-27,7.955
2018-04-28,7.963333333333334
2018-04-29,7.971666666666667
2018-04-30,7.98
2018-05-01,7.98
2018-05-02,7.98
2018-05-03,7.94
2018-05-04,7.94
2018-05-05,7.94
2018-05-06,7.94
2018-05-07,7.94
2018-05-08,7.94
2018-05-09,7.95
2018-05-10,7.95
2018-05-11,7.97
2018-05-12,7.97
2018-05-13,7.97
2018-05-14,7.97
2018-05-15,7.97
2018-05-16,8.6
2018-05-17,8.875
2018-05-18,9.105
2018-05-19,9.155000000000001
2018-05-20,9.205
2018-05-21,9.255
2018-05-22,9.495
2018-05-23,9.325
2018-05-24,9.3
2018-05-25,9.29
2018-05-26,9.298749999999998
2018-05-27,9.3075
2018-05-28,9.31625
2018-05-29,9.325
2018-05-30,9.325
2018-05-31,9.325
2018-06-01,9.37
2018-06-02,9.385
2018-06-03,9.399999999999999
2018-06-04,9.415
2018-06-05,9.46
2018-06-06,9.445
2018-06-07,9.5
2018-06-08,9.51
2018-06-09,9.516666666666666
2018-06-10,9.523333333333333
2018-06-11,9.53
2018-06-12,9.54
2018-06-13,9.57
2018-06-14,9.615
2018-06-15,9.615
2018-06-16,10.126666666666667
2018-06-17,10.638333333333334
2018-06-18,11.15
2018-06-19,10.955
2018-06-20,10.95
2018-06-21,10.91
2018-06-22,10.655
2018-06-23,10.504999999999999
2018-06-24,10.355
2018-06-25,10.205
2018-06-26,10.175
2018-06-27,10.5
2018-06-28,10.5
2018-06-29,10.605
2018-06-30,10.595
2018-07-01,10.584999999999999
2018-07-02,10.575
2018-07-03,10.51
2018-07-04,10.52
2018-07-05,10.53
2018-07-06,10.53
2018-07-07,10.53
2018-07-08,10.53
2018-07-09,10.53
2018-07-10,10.51
2018-07-11,10.48
2018-07-12,10.47
2018-07-13,10.455
2018-07-14,10.105
2018-07-15,9.754999999999999
2018-07-16,9.405
2018-07-17,9.45
2018-07-18,9.545
2018-07-19,9.405
2018-07-20,9.575
2018-07-21,9.606666666666666
2018-07-22,9.638333333333334
2018-07-23,9.67
2018-07-24,9.69
2018-07-25,9.7
2018-07-26,9.665
2018-07-27,9.665
2018-07-28,9.709999999999999
2018-07-29,9.755
2018-07-30,9.8
2018-07-31,9.795
2018-08-01,9.76
2018-08-02,9.8
2018-08-03,9.81
2018-08-04,9.81
2018-08-05,9.81
2018-08-06,9.81
2018-08-07,9.815
2018-08-08,9.825
2018-08-09,9.825
2018-08-10,9.83
2018-08-11,9.84
2018-08-12,9.85
2018-08-13,9.86
2018-08-14,9.865
2018-08-15,9.87
2018-08-16,11.055
2018-08-17,11.275
2018-08-18,11.316666666666666
2018-08-19,11.358333333333334
2018-08-20,11.4
2018-08-21,11.375
2018-08-22,11.4
2018-08-23,11.505
2018-08-24,11.585
2018-08-25,11.583333333333334
2018-08-26,11.581666666666667
2018-08-27,11.58
2018-08-28,11.575
2018-08-29,11.675
2018-08-30,11.66
2018-08-31,11.615
2018-09-01,11.6125
2018-09-02,11.61
2018-09-03,11.6075
2018-09-04,11.605
2018-09-05,11.53
2018-09-06,11.52
2018-09-07,11.52
2018-09-08,11.516666666666666
2018-09-09,11.513333333333334
2018-09-10,11.51
2018-09-11,11.5
2018-09-12,11.475
2018-09-13,11.465
2018-09-14,11.455
2018-09-15,11.571666666666667
2018-09-16,11.688333333333333
2018-09-17,11.805
2018-09-18,11.55
2018-09-19,11.6
2018-09-20,11.605
2018-09-21,11.595
2018-09-22,11.595
2018-09-23,11.595
2018-09-24,11.595
2018-09-25,11.545
2018-09-26,11.55
2018-09-27,11.475
2018-09-28,11.365
2018-09-29,11.355
2018-09-30,11.345
2018-10-01,11.335
2018-10-02,11.3
2018-10-03,11.325
2018-10-04,11.295
2018-10-05,11.265
2018-10-06,11.211666666666668
2018-10-07,11.158333333333333
2018-10-08,11.105
2018-10-09,11.205
2018-10-10,11.21
2018-10-11,11.16
2018-10-12,11.12
2018-10-13,11.118333333333332
2018-10-14,11.116666666666667
2018-10-15,11.115
2018-10-16,10.795
2018-10-17,10.65
2018-10-18,10.73
2018-10-19,10.92
2018-10-20,10.898333333333333
2018-10-21,10.876666666666667
2018-10-22,10.855
2018-10-23,10.575
2018-10-24,10.395
2018-10-25,10.375
2018-10-26,10.6
2018-10-27,10.593333333333334
2018-10-28,10.586666666666666
2018-10-29,10.58
2018-10-30,10.575
2018-10-31,10.475
2018-11-01,10.435
2018-11-02,10.565
2018-11-03,10.563333333333333
2018-11-04,10.561666666666667
2018-11-05,10.56
2018-11-06,10.56
2018-11-07,10.505
2018-11-08,10.5
2018-11-09,10.485
2018-11-10,10.486666666666666
2018-11-11,10.488333333333333
2018-11-12,10.49
2018-11-13,10.49
2018-11-14,10.485
2018-11-15,10.48
2018-11-16,10.77
2018-11-17,10.646666666666667
2018-11-18,10.523333333333333
2018-11-19,10.4
2018-11-20,10.2
2018-11-21,10.13
2018-11-22,10.24
2018-11-23,10.35
2018-11-24,10.288333333333332
2018-11-25,10.226666666666667
2018-11-26,10.165
2018-11-27,9.98
2018-11-28,9.89
2018-11-29,9.885
2018-11-30,9.805
2018-12-01,9.805
2018-12-02,9.805
2018-12-03,9.805
2018-12-04,9.75
2018-12-05,9.67
2018-12-06,9.535
2018-12-07,9.52
2018-12-08,9.513333333333334
2018-12-09,9.506666666666666
2018-12-10,9.5
2018-12-11,9.495
2018-12-12,9.495
2018-12-13,9.495
2018-12-14,9.5
2018-12-15,9.533333333333333
2018-12-16,9.566666666666666
2018-12-17,9.6
2018-12-18,9.255
2018-12-19,9.295
2018-12-20,9.125
2018-12-21,9.1
2018-12-22,9.1
2018-12-23,9.1
2018-12-24,9.1
2018-12-25,9.0975
2018-12-26,9.095
2018-12-27,9.03
2018-12-28,9.025
2018-12-29,9.015
2018-12-30,9.004999999999999
2018-12-31,8.995
2019-01-01,8.9825
2019-01-02,8.97
2019-01-03,8.945
2019-01-04,8.885
2019-01-05,8.866666666666667
2019-01-06,8.848333333333333
2019-01-07,8.83
2019-01-08,8.82
2019-01-09,8.725
2019-01-10,8.795
2019-01-11,8.79
2019-01-12,8.79
2019-01-13,8.79
2019-01-14,8.79
2019-01-15,8.785
2019-01-16,8.075
2019-01-17,8.305
2019-01-18,8.35
2019-01-19,8.29875
2019-01-20,8.247499999999999
2019-01-21,8.19625
2019-01-22,8.145
2019-01-23,8.15
2019-01-24,8.025
2019-01-25,7.795
2019-01-26,7.761666666666667
2019-01-27,7.7283333333333335
2019-01-28,7.695
2019-01-29,7.505
2019-01-30,7.365
2019-01-31,7.35
2019-02-01,7.2
2019-02-02,7.233333333333333
2019-02-03,7.266666666666667
2019-02-04,7.3
2019-02-05,7.3
2019-02-06,7.3
2019-02-07,7.31
2019-02-08,7.31
2019-02-09,7.305
2019-02-10,7.3
2019-02-11,7.295
2019-02-12,7.295
2019-02-13,7.28
2019-02-14,7.28
2019-02-15,7.28
2019-02-16,7.08375
2019-02-17,6.8875
2019-02-18,6.69125
2019-02-19,6.495
2019-02-20,6.45
2019-02-21,6.25
2019-02-22,6.23
2019-02-23,6.205
2019-02-24,6.180000000000001
2019-02-25,6.155
2019-02-26,6.155
2019-02-27,6.15
2019-02-28,6.125
2019-03-01,6.12
2019-03-02,6.101666666666667
2019-03-03,6.083333333333334
2019-03-04,6.065
2019-03-05,6.045
2019-03-06,6.035
2019-03-07,6.0
2019-03-08,5.985
2019-03-09,5.9816666666666665
2019-03-10,5.9783333333333335
2019-03-11,5.975
2019-03-12,5.975
2019-03-13,5.955
2019-03-14,5.945
2019-03-15,5.945
2019-03-16,5.681666666666667
2019-03-17,5.418333333333334
2019-03-18,5.155
2019-03-19,5.0
2019-03-20,4.95
2019-03-21,4.73
2019-03-22,4.62
2019-03-23,4.613333333333333
2019-03-24,4.6066666666666665
2019-03-25,4.6
2019-03-26,4.6
2019-03-27,4.6
2019-03-28,4.595
2019-03-29,4.6
2019-03-30,4.593333333333333
2019-03-31,4.586666666666667
2019-04-01,4.58
2019-04-02,4.58
2019-04-03,4.58
2019-04-04,4.6
2019-04-05,4.65
2019-04-06,4.633333333333334
2019-04-07,4.616666666666666
2019-04-08,4.6
2019-04-09,4.625
2019-04-10,4.705
2019-04-11,4.73
2019-04-12,4.775
2019-04-13,4.775
2019-04-14,4.775
2019-04-15,4.775
2019-04-16,5.715
2019-04-17,5.625
2019-04-18,5.42
2019-04-19,5.42
2019-04-20,5.42
2019-04-21,5.42
2019-04-22,5.42
2019-04-23,5.33
2019-04-24,5.33
2019-04-25,5.4
2019-04-26,5.46
2019-04-27,5.476666666666667
2019-04-28,5.493333333333333
2019-04-29,5.51
2019-04-30,5.55
2019-05-01,5.5
2019-05-02,5.575
2019-05-03,5.62
2019-05-04,5.618333333333333
2019-05-05,5.616666666666667
2019-05-06,5.615
2019-05-07,5.56
2019-05-08,5.545
2019-05-09,5.565
2019-05-10,5.54
2019-05-11,5.535
2019-05-12,5.53
2019-05-13,5.525
2019-05-14,5.515
2019-05-15,5.51
2019-05-16,5.205
2019-05-17,4.93
2019-05-18,4.944999999999999
2019-05-19,4.96
2019-05-20,4.975
2019-05-21,4.795
2019-05-22,4.72
2019-05-23,4.725
2019-05-24,4.725
2019-05-25,4.72
2019-05-26,4.715
2019-05-27,4.71
2019-05-28,4.705
2019-05-29,4.72
2019-05-30,4.6
2019-05-31,4.65
2019-06-01,4.613333333333333
2019-06-02,4.576666666666667
2019-06-03,4.54
2019-06-04,4.535
2019-06-05,4.475
2019-06-06,4.475
2019-06-07,4.475
2019-06-08,4.475
2019-06-09,4.475
2019-06-10,4.475
2019-06-11,4.495
2019-06-12,4.505
2019-06-13,4.505
2019-06-14,4.505
2019-06-15,4.531666666666666
2019-06-16,4.558333333333334
2019-06-17,4.585
2019-06-18,4.555
2019-06-19,4.55
2019-06-20,4.615
2019-06-21,4.595
2019-06-22,4.651666666666666
2019-06-23,4.708333333333333
2019-06-24,4.765
2019-06-25,4.75
2019-06-26,4.8
2019-06-27,4.705
2019-06-28,4.75
2019-06-29,4.7
2019-06-30,4.6499999999999995
2019-07-01,4.6
2019-07-02,4.6
2019-07-03,4.58
2019-07-04,4.545
2019-07-05,4.51
2019-07-06,4.51
2019-07-07,4.51
2019-07-08,4.51
2019-07-09,4.52
2019-07-10,4.515
2019-07-11,4.525
2019-07-12,4.545
2019-07-13,4.546666666666667
2019-07-14,4.548333333333333
2019-07-15,4.55
2019-07-16,4.93
2019-07-17,4.76
2019-07-18,4.69
2019-07-19,4.715
2019-07-20,4.655
2019-07-21,4.595
2019-07-22,4.535
2019-07-23,4.525
2019-07-24,4.45
2019-07-25,4.445
2019-07-26,4.38
2019-07-27,4.361666666666666
2019-07-28,4.343333333333334
2019-07-29,4.325
2019-07-30,4.28
2019-07-31,4.275
2019-08-01,4.29
2019-08-02,4.275
2019-08-03,4.285
2019-08-04,4.295
2019-08-05,4.305
2019-08-06,4.305
2019-08-07,4.315
2019-08-08,4.315
2019-08-09,4.315
2019-08-10,4.315
2019-08-11,4.315
2019-08-12,4.315
2019-08-13,4.315
2019-08-14,4.32
2019-08-15,4.32
2019-08-16,4.725
2019-08-17,4.71
2019-08-18,4.694999999999999
2019-08-19,4.68
2019-08-20,4.7
2019-08-21,4.695
2019-08-22,4.59
2019-08-23,4.57
2019-08-24,4.57
2019-08-25,4.57
2019-08-26,4.57
2019-08-27,4.56
2019-08-28,4.575
2019-08-29,4.65
2019-08-30,4.67
2019-08-31,4.6425
2019-09-01,4.615
2019-09-02,4.5874999999999995
2019-09-03,4.56
2019-09-04,4.45
2019-09-05,4.475
2019-09-06,4.475
2019-09-07,4.484999999999999
2019-09-08,4.495
2019-09-09,4.505
2019-09-10,4.525
2019-09-11,4.57
2019-09-12,4.57
2019-09-13,4.585
2019-09-14,5.235
2019-09-15,5.885
2019-09-16,6.535
2019-09-17,6.135
2019-09-18,5.895
2019-09-19,5.825
2019-09-20,5.995
2019-09-21,5.913333333333333
2019-09-22,5.831666666666667
2019-09-23,5.75
2019-09-24,5.69
2019-09-25,5.6
2019-09-26,5.705
2019-09-27,5.75
2019-09-28,5.73
2019-09-29,5.71
2019-09-30,5.69
2019-10-01,5.76
2019-10-02,5.705
2019-10-03,5.75
2019-10-04,5.725
2019-10-05,5.733333333333333
2019-10-06,5.741666666666666
2019-10-07,5.75
2019-10-08,5.8
2019-10-09,5.795
2019-10-10,5.82
2019-10-11,5.82
2019-10-12,5.821666666666667
2019-10-13,5.823333333333333
2019-10-14,5.825
2019-10-15,5.825
2019-10-16,6.99
2019-10-17,7.04
2019-10-18,6.925
2019-10-19,6.901666666666666
2019-10-20,6.878333333333334
2019-10-21,6.855
2019-10-22,6.73
2019-10-23,6.615
2019-10-24,6.57
2019-10-25,6.44
2019-10-26,6.401666666666667
2019-10-27,6.363333333333333
2019-10-28,6.325
2019-10-29,6.3
2019-10-30,6.155
2019-10-31,6.24
2019-11-01,6.325
2019-11-02,6.316666666666666
2019-11-03,6.308333333333334
2019-11-04,6.3
2019-11-05,6.215
2019-11-06,6.155
2019-11-07,6.095
2019-11-08,6.135
2019-11-09,6.116666666666666
2019-11-10,6.098333333333334
2019-11-11,6.08
2019-11-12,6.02
2019-11-13,6.08
2019-11-14,6.08
2019-11-15,6.08
2019-11-16,6.036666666666667
2019-11-17,5.993333333333333
2019-11-18,5.95
2019-11-19,5.905
2019-11-20,5.95
2019-11-21,5.885
2019-11-22,5.925
2019-11-23,5.8999999999999995
2019-11-24,5.875
2019-11-25,5.85
2019-11-26,5.78
2019-11-27,5.725
2019-11-28,5.6775
2019-11-29,5.63
2019-11-30,5.62
2019-12-01,5.609999999999999
2019-12-02,5.6
2019-12-03,5.635
2019-12-04,5.635
2019-12-05,5.635
2019-12-06,5.615
2019-12-07,5.613333333333333
2019-12-08,5.611666666666667
2019-12-09,5.61
2019-12-10,5.63
2019-12-11,5.63
2019-12-12,5.64
2019-12-13,5.645
2019-12-14,5.56
2019-12-15,5.475
2019-12-16,5.39
2019-12-17,5.525
2019-12-18,5.55
2019-12-19,5.525
2019-12-20,5.45
2019-12-21,5.4
2019-12-22,5.35
2019-12-23,5.3
2019-12-24,5.255
2019-12-25,5.2524999999999995
2019-12-26,5.25
2019-12-27,5.225
2019-12-28,5.233333333333333
2019-12-29,5.241666666666666
2019-12-30,5.25
2019-12-31,5.3
2020-01-01,5.2749999999999995
2020-01-02,5.25
2020-01-03,5.385
2020-01-04,5.361666666666666
2020-01-05,5.338333333333334
2020-01-06,5.315
2020-01-07,5.3
2020-01-08,5.31
2020-01-09,5.3
2020-01-10,5.3
2020-01-11,5.3
2020-01-12,5.3
2020-01-13,5.3
2020-01-14,5.3
2020-01-15,5.295
2020-01-16,4.18
2020-01-17,4.13
2020-01-18,4.11625
2020-01-19,4.1025
2020-01-20,4.08875
2020-01-21,4.075
2020-01-22,4.02
2020-01-23,4.0
2020-01-24,4.0
2020-01-25,4.0
2020-01-26,4.0
2020-01-27,4.0
2020-01-28,4.0
2020-01-29,3.9
2020-01-30,3.875
2020-01-31,4.02
2020-02-01,3.923333333333333
2020-02-02,3.8266666666666667
2020-02-03,3.73
2020-02-04,3.7
2020-02-05,3.6
2020-02-06,3.555
2020-02-07,3.57
2020-02-08,3.5533333333333332
2020-02-09,3.5366666666666666
2020-02-10,3.52
2020-02-11,3.525
2020-02-12,3.525
2020-02-13,3.525
2020-02-14,3.52
2020-02-15,3.38375
2020-02-16,3.2475
2020-02-17,3.11125
2020-02-18,2.975
2020-02-19,2.995
2020-02-20,2.975
2020-02-21,2.995
2020-02-22,2.955
2020-02-23,2.915
2020-02-24,2.875
2020-02-25,2.9
2020-02-26,3.005
2020-02-27,2.975
2020-02-28,2.96
2020-02-29,2.9899999999999998
2020-03-01,3.02
2020-03-02,3.05
2020-03-03,3.075
2020-03-04,3.075
2020-03-05,3.085
2020-03-06,3.115
2020-03-07,3.1100000000000003
2020-03-08,3.105
2020-03-09,3.1
2020-03-10,3.115
2020-03-11,3.13
2020-03-12,3.14
2020-03-13,3.14
2020-03-14,3.2283333333333335
2020-03-15,3.3166666666666664
2020-03-16,3.405
2020-03-17,3.455
2020-03-18,3.4
2020-03-19,3.4
2020-03-20,3.43
2020-03-21,3.37
2020-03-22,3.31
2020-03-23,3.25
2020-03-24,3.15
2020-03-25,2.955
2020-03-26,2.975
2020-03-27,2.975
2020-03-28,2.9433333333333334
2020-03-29,2.9116666666666666
2020-03-30,2.88
2020-03-31,2.875
2020-04-01,2.87
2020-04-02,2.86
2020-04-03,2.845
2020-04-04,2.8466666666666667
2020-04-05,2.8483333333333336
2020-04-06,2.85
2020-04-07,2.805
2020-04-08,2.81
2020-04-09,2.805
2020-04-10,2.805
2020-04-11,2.805
2020-04-12,2.805
2020-04-13,2.805
2020-04-14,2.8
2020-04-15,2.795
2020-04-16,2.47
2020-04-17,2.345
2020-04-18,2.3200000000000003
2020-04-19,2.295
2020-04-20,2.27
2020-04-21,2.105
2020-04-22,2.075
2020-04-23,2.05
2020-04-24,2.025
2020-04-25,2.015
2020-04-26,2.005
2020-04-27,1.995
2020-04-28,2.0
2020-04-29,2.0
2020-04-30,2.005
2020-05-01,2.0
2020-05-02,2.0
2020-05-03,2.0
2020-05-04,2.0
2020-05-05,2.02
2020-05-06,2.02
2020-05-07,2.025
2020-05-08,2.03
2020-05-09,2.033333333333333
2020-05-10,2.0366666666666666
2020-05-11,2.04
2020-05-12,2.115
2020-05-13,2.115
2020-05-14,2.11
2020-05-15,2.105
2020-05-16,2.163333333333333
2020-05-17,2.2216666666666667
2020-05-18,2.28
2020-05-19,2.215
2020-05-20,2.195
2020-05-21,2.095
2020-05-22,2.005
2020-05-23,2.02875
2020-05-24,2.0525
2020-05-25,2.07625
2020-05-26,2.1
2020-05-27,2.0
2020-05-28,2.02
2020-05-29,2.065
2020-05-30,2.0433333333333334
2020-05-31,2.0216666666666665
2020-06-01,2.0
2020-06-02,2.105
2020-06-03,2.1
2020-06-04,2.07
2020-06-05,2.07
2020-06-06,2.07
2020-06-07,2.07
2020-06-08,2.07
2020-06-09,2.06
2020-06-10,2.07
2020-06-11,2.07
2020-06-12,2.065
2020-06-13,2.0643333333333334
2020-06-14,2.0636666666666668
2020-06-15,2.063
2020-06-16,2.25
2020-06-17,2.2
2020-06-18,2.2
2020-06-19,2.22
2020-06-20,2.23
2020-06-21,2.24
2020-06-22,2.25
2020-06-23,2.3
2020-06-24,2.24
2020-06-25,2.22
2020-06-26,2.2
2020-06-27,2.2
2020-06-28,2.2
2020-06-29,2.2
2020-06-30,2.15
2020-07-01,2.2
2020-07-02,2.2
2020-07-03,2.19875
2020-07-04,2.1975
2020-07-05,2.19625
2020-07-06,2.195
2020-07-07,2.195
2020-07-08,2.19
2020-07-09,2.17
2020-07-10,2.175
2020-07-11,2.168333333333333
2020-07-12,2.1616666666666666
2020-07-13,2.155
2020-07-14,2.16
2020-07-15,2.164
2020-07-16,2.5
2020-07-17,2.505
2020-07-18,2.486666666666667
2020-07-19,2.4683333333333333
2020-07-20,2.45
2020-07-21,2.475
2020-07-22,2.5
2020-07-23,2.57
2020-07-24,2.595
2020-07-25,2.625
2020-07-26,2.6550000000000002
2020-07-27,2.685
2020-07-28,2.7
2020-07-29,2.66
2020-07-30,2.615
2020-07-31,2.56
2020-08-01,2.6016666666666666
2020-08-02,2.6433333333333335
2020-08-03,2.685
2020-08-04,2.685
2020-08-05,2.73
2020-08-06,2.775
2020-08-07,2.785
2020-08-08,2.8033333333333332
2020-08-09,2.8216666666666668
2020-08-10,2.84
2020-08-11,2.875
2020-08-12,2.88
2020-08-13,2.885
2020-08-14,2.898
2020-08-15,3.3236666666666665
2020-08-16,3.7493333333333334
2020-08-17,4.175
2020-08-18,4.22
2020-08-19,4.09
2020-08-20,3.925
2020-08-21,3.705
2020-08-22,3.7716666666666665
2020-08-23,3.8383333333333334
2020-08-24,3.905
2020-08-25,4.025
2020-08-26,4.105
2020-08-27,3.975
2020-08-28,4.225
2020-08-29,4.225
2020-08-30,4.225
2020-08-31,4.225
2020-09-01,4.3
2020-09-02,4.225
2020-09-03,4.34
2020-09-04,4.225
2020-09-05,4.248749999999999
2020-09-06,4.2725
2020-09-07,4.296250000000001
2020-09-08,4.32
2020-09-09,4.25
2020-09-10,4.31
2020-09-11,4.31
2020-09-12,4.31
2020-09-13,4.31
2020-09-14,4.31
2020-09-15,4.308
2020-09-16,4.895
2020-09-17,4.845
2020-09-18,4.845
2020-09-19,4.823333333333333
2020-09-20,4.801666666666667
2020-09-21,4.78
2020-09-22,4.835
2020-09-23,4.95
2020-09-24,4.95
2020-09-25,4.975
2020-09-26,5.008333333333333
2020-09-27,5.041666666666667
2020-09-28,5.075
2020-09-29,5.1
2020-09-30,5.05
2020-10-01,5.035
2020-10-02,5.025
2020-10-03,5.033333333333333
2020-10-04,5.041666666666667
2020-10-05,5.05
2020-10-06,5.05
2020-10-07,5.085
2020-10-08,5.105
2020-10-09,5.135
2020-10-10,5.135
2020-10-11,5.135
2020-10-12,5.135
2020-10-13,5.145
2020-10-14,5.145
2020-10-15,5.146
2020-10-16,6.315
2020-10-17,6.38
2020-10-18,6.445
2020-10-19,6.51
2020-10-20,6.55
2020-10-21,6.725
2020-10-22,6.875
2020-10-23,7.25
2020-10-24,7.233333333333333
2020-10-25,7.216666666666667
2020-10-26,7.2
2020-10-27,7.0
2020-10-28,6.95
2020-10-29,6.925
2020-10-30,7.02
2020-10-31,6.984999999999999
2020-11-01,6.95
2020-11-02,6.915
2020-11-03,6.8
2020-11-04,6.855
2020-11-05,6.855
2020-11-06,6.905
2020-11-07,6.905
2020-11-08,6.905
2020-11-09,6.905
2020-11-10,6.905
2020-11-11,6.905
2020-11-12,6.9
2020-11-13,6.899
2020-11-14,6.849333333333333
2020-11-15,6.799666666666667
2020-11-16,6.75
2020-11-17,6.565
2020-11-18,6.43
2020-11-19,6.25
2020-11-20,6.375
2020-11-21,6.433333333333334
2020-11-22,6.491666666666666
2020-11-23,6.55
2020-11-24,6.745
2020-11-25,6.95
2020-11-26,7.050000000000001
2020-11-27,7.15
2020-11-28,7.208333333333334
2020-11-29,7.266666666666667
2020-11-30,7.325
2020-12-01,7.325
2020-12-02,7.55
2020-12-03,7.5
2020-12-04,7.495
2020-12-05,7.53
2020-12-06,7.5649999999999995
2020-12-07,7.6
2020-12-08,7.695
2020-12-09,7.82
2020-12-10,7.915
2020-12-11,8.075
2020-12-12,8.104999999999999
2020-12-13,8.135
2020-12-14,8.165
2020-12-15,8.173
2020-12-16,10.435
2020-12-17,10.115
2020-12-18,9.66
2020-12-19,9.790000000000001
2020-12-20,9.92
2020-12-21,10.05
2020-12-22,10.755
2020-12-23,10.525
2020-12-24,11.0
2020-12-25,11.02125
2020-12-26,11.0425
2020-12-27,11.06375
2020-12-28,11.085
2020-12-29,12.1
2020-12-30,12.795
2020-12-31,14.3
2021-01-01,14.4575
2021-01-02,14.615
2021-01-03,14.7725
2021-01-04,14.93
2021-01-05,15.105
2021-01-06,15.55
2021-01-07,17.25
2021-01-08,17.25
2021-01-09,18.066666666666666
2021-01-10,18.883333333333333
2021-01-11,19.7
2021-01-12,19.7
2021-01-13,18.57
2021-01-14,18.57
2021-01-15,18.309
2021-01-16,15.86175
2021-01-17,13.4145
2021-01-18,10.96725
2021-01-19,8.52
2021-01-20,9.015
2021-01-21,8.485
2021-01-22,8.855
2021-01-23,8.773333333333333
2021-01-24,8.691666666666666
2021-01-25,8.61
2021-01-26,8.56
2021-01-27,8.615
2021-01-28,8.85
2021-01-29,8.87
2021-01-30,8.753333333333332
2021-01-31,8.636666666666667
2021-02-01,8.52
2021-02-02,8.43
2021-02-03,8.365
2021-02-04,8.34
2021-02-05,8.385
2021-02-06,8.4
2021-02-07,8.415
2021-02-08,8.43
2021-02-09,8.305
2021-02-10,8.28
2021-02-11,8.265
2021-02-12,8.264
2021-02-13,7.785499999999999
2021-02-14,7.3069999999999995
2021-02-15,6.8285
2021-02-16,6.35
2021-02-17,6.305
2021-02-18,6.6
2021-02-19,6.4
2021-02-20,6.351666666666667
2021-02-21,6.303333333333334
2021-02-22,6.255
2021-02-23,6.23
2021-02-24,6.04
2021-02-25,5.805
2021-02-26,6.195
2021-02-27,6.105
2021-02-28,6.015
2021-03-01,5.925
2021-03-02,5.875
2021-03-03,5.875
2021-03-04,6.0
2021-03-05,6.0
2021-03-06,6.0
2021-03-07,6.0
2021-03-08,6.0
2021-03-09,6.01
2021-03-10,6.0
2021-03-11,6.055
2021-03-12,6.07
2021-03-13,6.072333333333334
2021-03-14,6.074666666666666
2021-03-15,6.077
2021-03-16,6.53
2021-03-17,6.65
2021-03-18,6.565
2021-03-19,6.425
2021-03-20,6.491666666666666
2021-03-21,6.558333333333334
2021-03-22,6.625
2021-03-23,6.855
2021-03-24,6.855
2021-03-25,6.75
2021-03-26,6.93
2021-03-27,6.908333333333333
2021-03-28,6.886666666666667
2021-03-29,6.865
2021-03-30,6.935
2021-03-31,7.02
2021-04-01,6.925
2021-04-02,6.925
2021-04-03,6.925
2021-04-04,6.925
2021-04-05,6.925
2021-04-06,6.97
2021-04-07,6.98
2021-04-08,6.985
2021-04-09,6.985
2021-04-10,6.991666666666667
2021-04-11,6.998333333333333
2021-04-12,7.005
2021-04-13,7.015
2021-04-14,7.015
2021-04-15,7.017
2021-04-16,8.245
2021-04-17,8.385
2021-04-18,8.524999999999999
2021-04-19,8.665
2021-04-20,8.65
2021-04-21,8.55
2021-04-22,8.55
2021-04-23,8.2
2021-04-24,8.216666666666667
2021-04-25,8.233333333333333
2021-04-26,8.25
2021-04-27,8.6
2021-04-28,8.6
2021-04-29,8.8
2021-04-30,8.895
2021-05-01,8.898333333333333
2021-05-02,8.901666666666666
2021-05-03,8.905
2021-05-04,9.005
2021-05-05,8.97
2021-05-06,9.06
2021-05-07,9.045
2021-05-08,9.07
2021-05-09,9.094999999999999
2021-05-10,9.12
2021-05-11,9.115
2021-05-12,9.125
2021-05-13,9.125
2021-05-14,9.42625
2021-05-15,9.7275
2021-05-16,10.02875
2021-05-17,10.33
2021-05-18,9.99
2021-05-19,9.47
2021-05-20,10.05
2021-05-21,9.98
2021-05-22,10.011666666666667
2021-05-23,10.043333333333333
2021-05-24,10.075
2021-05-25,10.6
2021-05-26,10.625
2021-05-27,10.375
2021-05-28,10.4
2021-05-29,10.4625
2021-05-30,10.525
2021-05-31,10.5875
2021-06-01,10.65
2021-06-02,10.625
2021-06-03,10.625
2021-06-04,10.605
2021-06-05,10.628333333333334
2021-06-06,10.651666666666667
2021-06-07,10.675
2021-06-08,10.85
2021-06-09,10.9
2021-06-10,10.925
2021-06-11,10.92
2021-06-12,10.92
2021-06-13,10.92
2021-06-14,10.92
2021-06-15,10.924
2021-06-16,11.63
2021-06-17,11.595
2021-06-18,11.87
2021-06-19,11.896666666666667
2021-06-20,11.923333333333332
2021-06-21,11.95
2021-06-22,12.4
2021-06-23,12.605
2021-06-24,12.625
2021-06-25,12.755
2021-06-26,12.736666666666666
2021-06-27,12.718333333333334
2021-06-28,12.7
2021-06-29,12.975
2021-06-30,13.11
2021-07-01,13.23
2021-07-02,13.115
2021-07-03,13.057500000000001
2021-07-04,13.0
2021-07-05,12.942499999999999
2021-07-06,12.885
2021-07-07,12.685
2021-07-08,12.935
2021-07-09,13.0
2021-07-10,13.003333333333334
2021-07-11,13.006666666666666
2021-07-12,13.01
2021-07-13,12.97
2021-07-14,12.975
2021-07-15,12.973
2021-07-16,13.96
2021-07-17,14.036666666666667
2021-07-18,14.113333333333333
2021-07-19,14.19
2021-07-20,14.035
2021-07-21,14.31
2021-07-22,14.275
2021-07-23,14.18
2021-07-24,14.316666666666666
2021-07-25,14.453333333333333
2021-07-26,14.59
2021-07-27,14.805
2021-07-28,15.085
2021-07-29,15.25
2021-07-30,14.755
2021-07-31,14.991666666666667
2021-08-01,15.228333333333333
2021-08-02,15.465
2021-08-03,15.34
2021-08-04,15.325
2021-08-05,15.4
2021-08-06,15.7
2021-08-07,15.719999999999999
2021-08-08,15.74
2021-08-09,15.76
2021-08-10,15.8
2021-08-11,15.65
2021-08-12,15.665
2021-08-13,15.655
2021-08-14,16.433333333333334
2021-08-15,17.211666666666666
2021-08-16,17.99
2021-08-17,17.48
2021-08-18,16.77
2021-08-19,15.18
2021-08-20,15.575
2021-08-21,15.83
2021-08-22,16.085
2021-08-23,16.34
2021-08-24,16.85
2021-08-25,17.03
2021-08-26,17.245
2021-08-27,17.7
2021-08-28,17.706666666666667
2021-08-29,17.71333333333333
2021-08-30,17.72
2021-08-31,18.22
2021-09-01,18.02
2021-09-02,18.46
2021-09-03,18.46
2021-09-04,18.51625
2021-09-05,18.572499999999998
2021-09-06,18.62875
2021-09-07,18.685
2021-09-08,18.65
2021-09-09,18.625
2021-09-10,18.65
2021-09-11,18.706666666666667
2021-09-12,18.763333333333332
2021-09-13,18.82
2021-09-14,18.935
2021-09-15,19.019
2021-09-16,23.42
2021-09-17,25.0
2021-09-18,25.72833333333333
2021-09-19,26.456666666666667
2021-09-20,27.185
2021-09-21,27.525
2021-09-22,26.975
2021-09-23,26.8
2021-09-24,27.495
2021-09-25,28.061666666666667
2021-09-26,28.628333333333334
2021-09-27,29.195
2021-09-28,29.35
2021-09-29,30.005
2021-09-30,31.095
2021-10-01,31.07
2021-10-02,31.233333333333334
2021-10-03,31.396666666666665
2021-10-04,31.56
2021-10-05,35.065
2021-10-06,34.05
2021-10-07,33.08
2021-10-08,32.06
2021-10-09,32.4
2021-10-10,32.74
2021-10-11,33.08
2021-10-12,32.9
2021-10-13,33.11
2021-10-14,33.305
2021-10-15,33.254
2021-10-16,33.616
2021-10-17,33.978
2021-10-18,34.34
2021-10-19,34.89
2021-10-20,35.555
2021-10-21,33.455
2021-10-22,33.255
2021-10-23,33.36166666666667
2021-10-24,33.468333333333334
2021-10-25,33.575
2021-10-26,34.205
2021-10-27,33.905
2021-10-28,32.01
2021-10-29,30.0
2021-10-30,29.735
2021-10-31,29.47
2021-11-01,29.205
2021-11-02,30.805
2021-11-03,32.755
2021-11-04,32.005
2021-11-05,31.62
2021-11-06,31.795
2021-11-07,31.970000000000002
2021-11-08,32.145
2021-11-09,31.76
2021-11-10,31.14
2021-11-11,31.415
2021-11-12,31.565
2021-11-13,31.580666666666666
2021-11-14,31.596333333333334
2021-11-15,31.612
2021-11-16,37.845
2021-11-17,37.285
2021-11-18,37.565
2021-11-19,34.255
2021-11-20,34.160000000000004
2021-11-21,34.065
2021-11-22,33.97
2021-11-23,36.075
2021-11-24,36.205
2021-11-25,35.5475
2021-11-26,34.89
2021-11-27,35.343333333333334
2021-11-28,35.79666666666667
2021-11-29,36.25
2021-11-30,35.945
2021-12-01,35.885
2021-12-02,35.32
2021-12-03,34.19
2021-12-04,34.25833333333333
2021-12-05,34.32666666666667
2021-12-06,34.395
2021-12-07,35.065
2021-12-08,35.15
2021-12-09,35.185
2021-12-10,35.215
2021-12-11,35.38666666666667
2021-12-12,35.55833333333333
2021-12-13,35.73
2021-12-14,35.765
2021-12-15,35.87
2021-12-16,43.445
2021-12-17,42.45
2021-12-18,43.30833333333334
2021-12-19,44.166666666666664
2021-12-20,45.025
2021-12-21,49.345
2021-12-22,46.015
2021-12-23,38.84
2021-12-24,39.375
2021-12-25,39.91
2021-12-26,40.445
2021-12-27,40.98
2021-12-28,39.915
2021-12-29,34.03
2021-12-30,34.21
2021-12-31,30.495
2022-01-01,30.498333333333335
2022-01-02,30.501666666666665
2022-01-03,30.505
2022-01-04,32.745
2022-01-05,34.19
2022-01-06,34.07
2022-01-07,33.95
2022-01-08,33.72166666666667
2022-01-09,33.49333333333333
2022-01-10,33.265
2022-01-11,32.915
2022-01-12,33.0
2022-01-13,32.605
2022-01-14,32.845
2022-01-15,30.3675
2022-01-16,27.89
2022-01-17,25.412499999999998
2022-01-18,22.935
2022-01-19,21.14
2022-01-20,20.525
2022-01-21,22.09
2022-01-22,23.123333333333335
2022-01-23,24.156666666666666
2022-01-24,25.19
2022-01-25,26.005
2022-01-26,25.825
2022-01-27,25.275
2022-01-28,26.81
2022-01-29,26.11
2022-01-30,25.41
2022-01-31,24.71
2022-02-01,23.705
2022-02-02,24.2
2022-02-03,24.34
2022-02-04,25.35
2022-02-05,25.26666666666667
2022-02-06,25.183333333333334
2022-02-07,25.1
2022-02-08,25.305
2022-02-09,24.715
2022-02-10,24.795
2022-02-11,24.57
2022-02-12,24.675
2022-02-13,24.78
2022-02-14,24.885
2022-02-15,24.815
2022-02-16,23.075
2022-02-17,24.51
2022-02-18,23.805
2022-02-19,24.34375
2022-02-20,24.8825
2022-02-21,25.42125
2022-02-22,25.96
2022-02-23,28.965
2022-02-24,37.01
2022-02-25,27.51
2022-02-26,27.656666666666666
2022-02-27,27.803333333333335
2022-02-28,27.95
2022-03-01,31.5
2022-03-02,38.505
2022-03-03,43.6
2022-03-04,38.65
2022-03-05,43.02166666666667
2022-03-06,47.39333333333333
2022-03-07,51.765
2022-03-08,42.62
2022-03-09,38.965
2022-03-10,38.325
2022-03-11,37.145
2022-03-12,37.18
2022-03-13,37.215
2022-03-14,37.25
2022-03-15,37.445
2022-03-16,33.635
2022-03-17,35.555
2022-03-18,35.495
2022-03-19,35.266666666666666
2022-03-20,35.038333333333334
2022-03-21,34.81
2022-03-22,34.175
2022-03-23,34.12
2022-03-24,34.68
2022-03-25,34.43
2022-03-26,34.276666666666664
2022-03-27,34.123333333333335
2022-03-28,33.97
2022-03-29,33.875
2022-03-30,34.15
2022-03-31,35.435
2022-04-01,34.69
2022-04-02,34.11
2022-04-03,33.53
2022-04-04,32.95
2022-04-05,33.455
2022-04-06,33.44
2022-04-07,33.1
2022-04-08,33.605
2022-04-09,33.41
2022-04-10,33.215
2022-04-11,33.02
2022-04-12,32.965
2022-04-13,32.925
2022-04-14,32.93
2022-04-15,31.04
2022-04-16,29.15
2022-04-17,27.26
2022-04-18,25.37
2022-04-19,25.12
2022-04-20,25.2
2022-04-21,25.29
2022-04-22,25.495
2022-04-23,25.461666666666666
2022-04-24,25.428333333333335
2022-04-25,25.395
2022-04-26,24.995
2022-04-27,25.145
2022-04-28,24.82
2022-04-29,24.53
2022-04-30,24.186666666666667
2022-05-01,23.843333333333334
2022-05-02,23.5
2022-05-03,23.5
2022-05-04,24.04
2022-05-05,24.145
2022-05-06,24.03
2022-05-07,23.738333333333333
2022-05-08,23.44666666666667
2022-05-09,23.155
2022-05-10,22.98
2022-05-11,23.375
2022-05-12,23.53
2022-05-13,23.433
2022-05-14,22.297
2022-05-15,21.160999999999998
2022-05-16,20.025
2022-05-17,20.075
2022-05-18,21.165
2022-05-19,21.79
2022-05-20,21.825
2022-05-21,22.083333333333332
2022-05-22,22.34166666666667
2022-05-23,22.6
2022-05-24,22.07
2022-05-25,22.22
2022-05-26,22.485
2022-05-27,22.625
2022-05-28,22.9875
2022-05-29,23.35
2022-05-30,23.7125
2022-05-31,24.075
2022-06-01,24.015
2022-06-02,24.015
2022-06-03,24.015
2022-06-04,23.795
2022-06-05,23.575
2022-06-06,23.355
2022-06-07,22.87
2022-06-08,22.775
2022-06-09,23.16
2022-06-10,23.165
2022-06-11,23.121666666666666
2022-06-12,23.078333333333333
2022-06-13,23.035
2022-06-14,23.175
2022-06-15,23.395
2022-06-16,34.65
2022-06-17,33.955
2022-06-18,34.7975
2022-06-19,35.64
2022-06-20,36.4825
2022-06-21,37.325
2022-06-22,37.11
2022-06-23,37.13
2022-06-24,37.095
2022-06-25,37.093333333333334
2022-06-26,37.09166666666667
2022-06-27,37.09
2022-06-28,37.0
2022-06-29,37.16
2022-06-30,38.66
2022-07-01,38.675
2022-07-02,39.03
2022-07-03,39.385
2022-07-04,39.739999999999995
2022-07-05,40.095
2022-07-06,38.61
2022-07-07,39.57
2022-07-08,39.385
2022-07-09,39.20333333333333
2022-07-10,39.02166666666667
2022-07-11,38.84
2022-07-12,38.63
2022-07-13,39.205
2022-07-14,39.215
2022-07-15,39.081
2022-07-16,38.25233333333333
2022-07-17,37.42366666666667
2022-07-18,36.595
2022-07-19,37.485
2022-07-20,38.17
2022-07-21,38.095
2022-07-22,38.99
2022-07-23,39.123333333333335
2022-07-24,39.25666666666667
2022-07-25,39.39
2022-07-26,40.21
2022-07-27,43.13
2022-07-28,41.54
2022-07-29,42.225
2022-07-30,43.093333333333334
2022-07-31,43.961666666666666
2022-08-01,44.83
2022-08-02,45.28
2022-08-03,45.95
2022-08-04,44.605
2022-08-05,44.66
2022-08-06,44.596666666666664
2022-08-07,44.53333333333333
2022-08-08,44.47
2022-08-09,44.62
2022-08-10,44.71
2022-08-11,45.335
2022-08-12,45.39
2022-08-13,45.407666666666664
2022-08-14,45.425333333333334
2022-08-15,45.443
2022-08-16,56.715
2022-08-17,56.82
2022-08-18,57.6
2022-08-19,57.02
2022-08-20,57.28666666666667
2022-08-21,57.553333333333335
2022-08-22,57.82
2022-08-23,56.33
2022-08-24,66.255
2022-08-25,69.955
2022-08-26,68.8
2022-08-27,68.755
2022-08-28,68.71000000000001
2022-08-29,68.665
2022-08-30,58.745
2022-08-31,53.95
2022-09-01,59.155
2022-09-02,55.245
2022-09-03,55.106249999999996
2022-09-04,54.9675
2022-09-05,54.82875
2022-09-06,54.69
2022-09-07,55.2
2022-09-08,52.835
2022-09-09,53.9
2022-09-10,53.641666666666666
2022-09-11,53.38333333333333
2022-09-12,53.125
2022-09-13,53.035
2022-09-14,53.075
2022-09-15,53.508
2022-09-16,42.16
2022-09-17,42.096666666666664
2022-09-18,42.03333333333333
2022-09-19,41.97
2022-09-20,43.285
2022-09-21,38.915
2022-09-22,39.91
2022-09-23,37.57
2022-09-24,37.61
2022-09-25,37.65
2022-09-26,37.69
2022-09-27,42.47
2022-09-28,41.205
2022-09-29,39.105
2022-09-30,38.725
2022-10-01,38.77333333333333
2022-10-02,38.821666666666665
2022-10-03,38.87
2022-10-04,38.195
2022-10-05,35.05
2022-10-06,35.855
2022-10-07,34.46
2022-10-08,34.39333333333333
2022-10-09,34.32666666666667
2022-10-10,34.26
2022-10-11,34.785
2022-10-12,34.705
2022-10-13,34.835
2022-10-14,34.779
2022-10-15,33.49266666666667
2022-10-16,32.20633333333333
2022-10-17,30.92
2022-10-18,29.69
2022-10-19,30.315
2022-10-20,32.35
2022-10-21,32.47
2022-10-22,32.07666666666667
2022-10-23,31.683333333333334
2022-10-24,31.29
2022-10-25,31.02
2022-10-26,30.45
2022-10-27,30.49
2022-10-28,30.16
2022-10-29,29.285
2022-10-30,28.41
2022-10-31,27.535
2022-11-01,27.54
2022-11-02,29.105
2022-11-03,27.815
2022-11-04,28.925
2022-11-05,28.348333333333333
2022-11-06,27.77166666666667
2022-11-07,27.195
2022-11-08,27.88
2022-11-09,27.73
2022-11-10,27.545
2022-11-11,27.225
2022-11-12,27.226666666666667
2022-11-13,27.228333333333335
2022-11-14,27.23
2022-11-15,27.397
2022-11-16,25.885
2022-11-17,26.315
2022-11-18,26.385
2022-11-19,26.69
2022-11-20,26.995
2022-11-21,27.3
2022-11-22,29.215
2022-11-23,31.115
2022-11-24,30.5375
2022-11-25,29.96
2022-11-26,30.066666666666666
2022-11-27,30.173333333333336
2022-11-28,30.28
2022-11-29,30.505
2022-11-30,33.31
2022-12-01,33.78
2022-12-02,31.76
2022-12-03,32.235
2022-12-04,32.71
2022-12-05,33.185
2022-12-06,32.845
2022-12-07,33.35
2022-12-08,34.295
2022-12-09,33.365
2022-12-10,33.218333333333334
2022-12-11,33.071666666666665
2022-12-12,32.925
2022-12-13,33.345
2022-12-14,33.385
2022-12-15,33.443
2022-12-16,35.575
2022-12-17,35.88
2022-12-18,36.185
2022-12-19,36.49
2022-12-20,34.915
2022-12-21,31.68
2022-12-22,31.635
2022-12-23,28.12
2022-12-24,28.13625
2022-12-25,28.1525
2022-12-26,28.16875
2022-12-27,28.185
2022-12-28,28.51
2022-12-29,28.83
2022-12-30,29.515
2022-12-31,29.4725
2023-01-01,29.43
2023-01-02,29.3875
2023-01-03,29.345
2023-01-04,29.5
2023-01-05,28.85
2023-01-06,28.45
2023-01-07,28.005
2023-01-08,27.56
2023-01-09,27.115
2023-01-10,27.06
2023-01-11,26.87
2023-01-12,26.76
2023-01-13,26.807
2023-01-14,25.7865
2023-01-15,24.766
2023-01-16,23.7455
2023-01-17,22.725
2023-01-18,23.09
2023-01-19,22.95
2023-01-20,22.815
2023-01-21,22.961666666666666
2023-01-22,23.108333333333334
2023-01-23,23.255
2023-01-24,22.115
2023-01-25,20.94
2023-01-26,20.165
2023-01-27,19.5
2023-01-28,19.495
2023-01-29,19.49
2023-01-30,19.485
2023-01-31,19.025
2023-02-01,18.97
2023-02-02,18.37
2023-02-03,18.525
2023-02-04,18.515
2023-02-05,18.505
2023-02-06,18.495
2023-02-07,18.185
2023-02-08,17.93
2023-02-09,17.915
2023-02-10,17.985
2023-02-11,17.955
2023-02-12,17.925
2023-02-13,17.895
2023-02-14,17.89
2023-02-15,17.882
2023-02-16,16.295
2023-02-17,15.92
2023-02-18,15.515
2023-02-19,15.110000000000001
2023-02-20,14.705
2023-02-21,14.3
2023-02-22,14.84
2023-02-23,14.9
2023-02-24,14.99
2023-02-25,14.983333333333334
2023-02-26,14.976666666666667
2023-02-27,14.97
2023-02-28,14.36
2023-03-01,14.58
2023-03-02,14.585
2023-03-03,14.325
2023-03-04,14.311666666666666
2023-03-05,14.298333333333334
2023-03-06,14.285
2023-03-07,13.94
2023-03-08,13.895
2023-03-09,14.31
2023-03-10,14.155
2023-03-11,14.184999999999999
2023-03-12,14.215
2023-03-13,14.245
2023-03-14,14.2
2023-03-15,14.168
2023-03-16,13.555
2023-03-17,13.18
2023-03-18,13.171666666666667
2023-03-19,13.163333333333332
2023-03-20,13.155
2023-03-21,13.645
2023-03-22,12.64
2023-03-23,13.335
2023-03-24,12.7
2023-03-25,12.641666666666666
2023-03-26,12.583333333333334
2023-03-27,12.525
2023-03-28,12.505
2023-03-29,12.535
2023-03-30,12.7
2023-03-31,13.515
2023-04-01,13.26
2023-04-02,13.005
2023-04-03,12.75
2023-04-04,13.16
2023-04-05,12.68
2023-04-06,12.625
2023-04-07,12.625
2023-04-08,12.625
2023-04-09,12.625
2023-04-10,12.625
2023-04-11,12.57
2023-04-12,12.625
2023-04-13,12.605
2023-04-14,12.593
2023-04-15,12.558666666666667
2023-04-16,12.524333333333333
2023-04-17,12.49
2023-04-18,12.85
2023-04-19,12.245
2023-04-20,12.235
2023-04-21,11.88
2023-04-22,11.878333333333334
2023-04-23,11.876666666666667
2023-04-24,11.875
2023-04-25,11.845
2023-04-26,11.64
2023-04-27,11.595
2023-04-28,11.55
2023-04-29,11.55
2023-04-30,11.55
2023-05-01,11.55
2023-05-02,11.495
2023-05-03,11.5
2023-05-04,11.31
2023-05-05,11.315
2023-05-06,11.315
2023-05-07,11.315
2023-05-08,11.315
2023-05-09,11.24
2023-05-10,11.21
2023-05-11,11.16
2023-05-12,11.115
2023-05-13,11.093
2023-05-14,11.071
2023-05-15,11.049
2023-05-16,9.855
2023-05-17,9.945
2023-05-18,9.715
2023-05-19,9.84
2023-05-20,9.811666666666667
2023-05-21,9.783333333333333
2023-05-22,9.755
2023-05-23,9.735
2023-05-24,9.58
2023-05-25,9.35
2023-05-26,9.235
2023-05-27,9.2675
2023-05-28,9.3
2023-05-29,9.3325
2023-05-30,9.365
2023-05-31,9.285
2023-06-01,9.265
2023-06-02,9.285
2023-06-03,9.278333333333334
2023-06-04,9.271666666666667
2023-06-05,9.265
2023-06-06,9.21
2023-06-07,9.235
2023-06-08,9.21
2023-06-09,9.25
2023-06-10,9.255
2023-06-11,9.26
2023-06-12,9.265
2023-06-13,9.3
2023-06-14,9.4
2023-06-15,9.584
2023-06-16,11.2
2023-06-17,11.584999999999999
2023-06-18,11.969999999999999
2023-06-19,12.355
2023-06-20,12.74
2023-06-21,12.475
2023-06-22,12.065
2023-06-23,11.835
2023-06-24,11.82
2023-06-25,11.805
2023-06-26,11.79
2023-06-27,12.07
2023-06-28,12.02
2023-06-29,12.12
2023-06-30,12.24
2023-07-01,12.186666666666667
2023-07-02,12.133333333333333
2023-07-03,12.08
2023-07-04,12.09
2023-07-05,12.1
2023-07-06,12.075
2023-07-07,12.085
2023-07-08,12.076666666666668
2023-07-09,12.068333333333333
2023-07-10,12.06
2023-07-11,12.02
2023-07-12,11.975
2023-07-13,11.91
2023-07-14,11.869
2023-07-15,11.432666666666666
2023-07-16,10.996333333333334
2023-07-17,10.56
2023-07-18,11.02
2023-07-19,10.745
2023-07-20,10.92
2023-07-21,10.885
2023-07-22,11.01
2023-07-23,11.135
2023-07-24,11.26
2023-07-25,11.46
2023-07-26,11.1
2023-07-27,10.97
2023-07-28,10.78
2023-07-29,10.826666666666666
2023-07-30,10.873333333333333
2023-07-31,10.92
2023-08-01,10.925
2023-08-02,10.97
2023-08-03,11.0
2023-08-04,10.955
2023-08-05,10.963333333333333
2023-08-06,10.971666666666668
2023-08-07,10.98
2023-08-08,10.955
2023-08-09,11.03
2023-08-10,11.045
2023-08-11,11.085
2023-08-12,11.105
2023-08-13,11.125
2023-08-14,11.145
2023-08-15,11.205
2023-08-16,14.32
2023-08-17,14.16
2023-08-18,13.95
2023-08-19,14.066666666666666
2023-08-20,14.183333333333334
2023-08-21,14.3
2023-08-22,14.3
2023-08-23,13.735
2023-08-24,12.92
2023-08-25,13.46
2023-08-26,13.46
2023-08-27,13.46
2023-08-28,13.46
2023-08-29,13.395
2023-08-30,13.405
2023-08-31,13.2
2023-09-01,13.395
2023-09-02,13.35625
2023-09-03,13.317499999999999
2023-09-04,13.27875
2023-09-05,13.24
2023-09-06,13.21
2023-09-07,13.32
2023-09-08,13.33
2023-09-09,13.348333333333333
2023-09-10,13.366666666666667
2023-09-11,13.385
2023-09-12,13.39
2023-09-13,13.39
2023-09-14,13.365
2023-09-15,13.329
2023-09-16,13.549333333333333
2023-09-17,13.769666666666668
2023-09-18,13.99
2023-09-19,14.25
2023-09-20,14.24
2023-09-21,14.33
2023-09-22,14.595
2023-09-23,14.726666666666667
2023-09-24,14.858333333333334
2023-09-25,14.99
2023-09-26,14.65
2023-09-27,14.595
2023-09-28,14.76
2023-09-29,14.63
2023-09-30,14.551666666666668
2023-10-01,14.473333333333333
2023-10-02,14.395
2023-10-03,14.245
2023-10-04,14.15
2023-10-05,14.105
2023-10-06,14.075
2023-10-07,14.101666666666667
2023-10-08,14.128333333333332
2023-10-09,14.155
2023-10-10,14.245
2023-10-11,14.305
2023-10-12,14.36
2023-10-13,14.475
2023-10-14,15.556666666666667
2023-10-15,16.638333333333332
2023-10-16,17.72
2023-10-17,17.645
2023-10-18,18.29
2023-10-19,18.245
2023-10-20,18.4
2023-10-21,18.461666666666666
2023-10-22,18.523333333333333
2023-10-23,18.585
2023-10-24,17.84
2023-10-25,17.955
2023-10-26,17.91
2023-10-27,17.895
2023-10-28,17.9
2023-10-29,17.905
2023-10-30,17.91
2023-10-31,17.72
2023-11-01,17.655
2023-11-02,17.645
2023-11-03,17.57
2023-11-04,17.528333333333332
2023-11-05,17.486666666666668
2023-11-06,17.445
2023-11-07,17.355
2023-11-08,17.29
2023-11-09,17.255
2023-11-10,17.185
2023-11-11,17.189999999999998
2023-11-12,17.195
2023-11-13,17.2
2023-11-14,17.125
2023-11-15,17.102
2023-11-16,17.1
2023-11-17,16.975
2023-11-18,17.025000000000002
2023-11-19,17.075
2023-11-20,17.125
2023-11-21,16.465
2023-11-22,16.49
2023-11-23,16.792499999999997
2023-11-24,17.095
2023-11-25,16.898333333333333
2023-11-26,16.701666666666664
2023-11-27,16.505
2023-11-28,16.42
2023-11-29,16.245
2023-11-30,16.135
2023-12-01,16.25
2023-12-02,16.183333333333334
2023-12-03,16.116666666666667
2023-12-04,16.05
2023-12-05,16.06
2023-12-06,16.005
2023-12-07,16.05
2023-12-08,15.975
2023-12-09,15.898333333333333
2023-12-10,15.821666666666665
2023-12-11,15.745
2023-12-12,15.615
2023-12-13,15.455
2023-12-14,15.325
2023-12-15,15.197
2023-12-16,14.263
2023-12-17,13.328999999999999
2023-12-18,12.395
2023-12-19,11.775
2023-12-20,11.81
2023-12-21,11.935
2023-12-22,11.945
2023-12-23,11.945
2023-12-24,11.945
2023-12-25,11.945
2023-12-26,11.945
2023-12-27,11.87
2023-12-28,11.725
2023-12-29,11.52
2023-12-30,11.51375
2023-12-31,11.5075
2024-01-01,11.501249999999999
2024-01-02,11.495
2024-01-03,11.5
2024-01-04,11.555
2024-01-05,11.565
2024-01-06,11.536666666666667
2024-01-07,11.508333333333333
2024-01-08,11.48
2024-01-09,11.3
2024-01-10,11.285
2024-01-11,11.245
2024-01-12,11.2
2024-01-13,10.90625
2024-01-14,10.6125
2024-01-15,10.31875
2024-01-16,10.025
2024-01-17,9.55
2024-01-18,9.555
2024-01-19,9.585
2024-01-20,9.525
2024-01-21,9.465
2024-01-22,9.405
2024-01-23,9.335
2024-01-24,9.575
2024-01-25,9.39
2024-01-26,9.29
2024-01-27,9.323333333333332
2024-01-28,9.356666666666667
2024-01-29,9.39
2024-01-30,9.48
2024-01-31,9.53
2024-02-01,9.46
2024-02-02,9.46
2024-02-03,9.458333333333334
2024-02-04,9.456666666666667
2024-02-05,9.455
2024-02-06,9.47
2024-02-07,9.45
2024-02-08,9.45
2024-02-09,9.435
2024-02-10,9.435
2024-02-11,9.435
2024-02-12,9.435
2024-02-13,9.405
2024-02-14,9.365
2024-02-15,9.347
2024-02-16,8.57
2024-02-17,8.52
2024-02-18,8.469999999999999
2024-02-19,8.42
2024-02-20,8.37
2024-02-21,8.295
2024-02-22,8.155
2024-02-23,8.125
2024-02-24,8.183333333333334
2024-02-25,8.241666666666667
2024-02-26,8.3
2024-02-27,8.22
2024-02-28,8.495
2024-02-29,8.37
2024-03-01,8.3
2024-03-02,8.313333333333334
2024-03-03,8.326666666666666
2024-03-04,8.34
2024-03-05,8.38
2024-03-06,8.415
2024-03-07,8.4
2024-03-08,8.46
2024-03-09,8.461666666666668
2024-03-10,8.463333333333333
2024-03-11,8.465
2024-03-12,8.465
2024-03-13,8.475
2024-03-14,8.49
2024-03-15,8.521
2024-03-16,8.974
2024-03-17,9.427000000000001
2024-03-18,9.88
2024-03-19,9.9
2024-03-20,9.57
2024-03-21,9.285
2024-03-22,9.445
2024-03-23,9.535
2024-03-24,9.625
2024-03-25,9.715
2024-03-26,9.575
2024-03-27,9.4
2024-03-28,9.535
2024-03-29,9.535
2024-03-30,9.535
2024-03-31,9.535
2024-04-01,9.535
2024-04-02,9.465
2024-04-03,9.5
2024-04-04,9.545
2024-04-05,9.545
2024-04-06,9.555
2024-04-07,9.565
2024-04-08,9.575
2024-04-09,9.585
2024-04-10,9.585
2024-04-11,9.61
2024-04-12,9.645
2024-04-13,9.658999999999999
2024-04-14,9.673
2024-04-15,9.687
2024-04-16,11.26
2024-04-17,10.745
2024-04-18,10.88
2024-04-19,10.5
2024-04-20,10.51
2024-04-21,10.52
2024-04-22,10.53
2024-04-23,10.225
2024-04-24,10.435
2024-04-25,10.43
2024-04-26,10.325
2024-04-27,10.286666666666667
2024-04-28,10.248333333333333
2024-04-29,10.21
2024-04-30,10.335
2024-05-01,10.235
2024-05-02,10.41
2024-05-03,10.47
2024-05-04,10.47
2024-05-05,10.47
2024-05-06,10.47
2024-05-07,10.5
2024-05-08,10.46
2024-05-09,10.46
2024-05-10,10.475
2024-05-11,10.466666666666667
2024-05-12,10.458333333333332
2024-05-13,10.45
2024-05-14,10.45
2024-05-15,10.469
2024-05-16,11.045
2024-05-17,11.16
2024-05-18,11.275
2024-05-19,11.39
2024-05-20,11.505
2024-05-21,11.825
2024-05-22,11.975
2024-05-23,12.255
2024-05-24,11.94
2024-05-25,11.94375
2024-05-26,11.9475
2024-05-27,11.95125
2024-05-28,11.955
2024-05-29,11.83
2024-05-30,11.96
2024-05-31,11.905
2024-06-01,11.953333333333333
2024-06-02,12.001666666666667
2024-06-03,12.05
2024-06-04,11.99
2024-06-05,11.97
2024-06-06,11.985
2024-06-07,11.97
2024-06-08,11.968333333333334
2024-06-09,11.966666666666667
2024-06-10,11.965
2024-06-11,12.0
2024-06-12,12.03
2024-06-13,12.095
2024-06-14,12.138
2024-06-15,12.283666666666667
2024-06-16,12.429333333333332
2024-06-17,12.575
2024-06-18,12.6
2024-06-19,12.6
2024-06-20,12.6
2024-06-21,12.465
2024-06-22,12.513333333333334
2024-06-23,12.561666666666666
2024-06-24,12.61
2024-06-25,12.735
2024-06-26,12.62
2024-06-27,12.66
2024-06-28,12.635
2024-06-29,12.601666666666667
2024-06-30,12.568333333333333
2024-07-01,12.535
2024-07-02,12.56
2024-07-03,12.42
2024-07-04,12.4525
2024-07-05,12.485
2024-07-06,12.453333333333333
2024-07-07,12.421666666666667
2024-07-08,12.39
2024-07-09,12.365
2024-07-10,12.35
2024-07-11,12.365
2024-07-12,12.33
2024-07-13,12.327
2024-07-14,12.324
2024-07-15,12.321
2024-07-16,12.3
2024-07-17,12.09
2024-07-18,12.2
2024-07-19,12.115
2024-07-20,12.108333333333334
2024-07-21,12.101666666666667
2024-07-22,12.095
2024-07-23,12.01
2024-07-24,12.235
2024-07-25,12.075
2024-07-26,12.205
2024-07-27,12.285
2024-07-28,12.365
2024-07-29,12.445
2024-07-30,12.475
2024-07-31,12.525
2024-08-01,12.49
2024-08-02,12.52
2024-08-03,12.495
2024-08-04,12.47
2024-08-05,12.445
2024-08-06,12.51
2024-08-07,12.535
2024-08-08,12.565
2024-08-09,12.55
2024-08-10,12.575000000000001
2024-08-11,12.6
2024-08-12,12.625
2024-08-13,12.655
2024-08-14,12.72
2024-08-15,12.778
2024-08-16,14.515
2024-08-17,14.498333333333333
2024-08-18,14.481666666666667
2024-08-19,14.465
2024-08-20,13.935
2024-08-21,13.79
2024-08-22,13.75
2024-08-23,13.82
2024-08-24,13.82
2024-08-25,13.82
2024-08-26,13.82
2024-08-27,14.055
2024-08-28,14.065
2024-08-29,14.01
2024-08-30,14.09
2024-08-31,14.02375
2024-09-01,13.9575
2024-09-02,13.89125
2024-09-03,13.825
2024-09-04,13.785
2024-09-05,13.815
2024-09-06,13.79
2024-09-07,13.786666666666665
2024-09-08,13.783333333333333
2024-09-09,13.78
2024-09-10,13.785
2024-09-11,13.735
2024-09-12,13.685
2024-09-13,13.674
2024-09-14,13.492666666666667
2024-09-15,13.311333333333334
2024-09-16,13.13
2024-09-17,13.3
2024-09-18,13.22
2024-09-19,12.83
2024-09-20,12.97
2024-09-21,13.048333333333334
2024-09-22,13.126666666666667
2024-09-23,13.205
2024-09-24,13.055
2024-09-25,13.095
2024-09-26,13.19
2024-09-27,13.205
2024-09-28,13.178333333333333
2024-09-29,13.151666666666667
2024-09-30,13.125
2024-10-01,13.175
2024-10-02,13.09
2024-10-03,13.095
2024-10-04,13.09
2024-10-05,13.105
2024-10-06,13.12
2024-10-07,13.135
2024-10-08,13.095
2024-10-09,13.07
2024-10-10,13.075
2024-10-11,13.08
2024-10-12,13.088333333333333
2024-10-13,13.096666666666668
2024-10-14,13.105
2024-10-15,13.109
2024-10-16,13.465
2024-10-17,13.495
2024-10-18,13.275
2024-10-19,13.296666666666667
2024-10-20,13.318333333333333
2024-10-21,13.34
2024-10-22,13.525
2024-10-23,13.595
2024-10-24,13.72
2024-10-25,13.795
2024-10-26,13.781666666666666
2024-10-27,13.768333333333334
2024-10-28,13.755
2024-10-29,13.685
2024-10-30,13.52
2024-10-31,13.62
2024-11-01,13.475
2024-11-02,13.475
2024-11-03,13.475
2024-11-04,13.475
2024-11-05,13.54
2024-11-06,13.495
2024-11-07,13.495
2024-11-08,13.55
2024-11-09,13.55
2024-11-10,13.55
2024-11-11,13.55
2024-11-12,13.565
2024-11-13,13.555
2024-11-14,13.565
2024-11-15,13.579
2024-11-16,13.936
2024-11-17,14.293000000000001
2024-11-18,14.65
2024-11-19,14.4
2024-11-20,14.66
2024-11-21,15.075
2024-11-22,14.785
2024-11-23,14.861666666666666
2024-11-24,14.938333333333334
2024-11-25,15.015
2024-11-26,14.94
2024-11-27,15.02
2024-11-28,14.9725
2024-11-29,14.925
2024-11-30,14.988333333333333
2024-12-01,15.051666666666668
2024-12-02,15.115
2024-12-03,15.125
2024-12-04,15.075
2024-12-05,15.065
2024-12-06,15.075
2024-12-07,15.07
2024-12-08,15.065
2024-12-09,15.06
2024-12-10,15.02
2024-12-11,15.0
2024-12-12,14.95
2024-12-13,14.877
2024-12-14,14.173
2024-12-15,13.469000000000001
2024-12-16,12.765
2024-12-17,13.32
2024-12-18,13.005
2024-12-19,13.46
2024-12-20,13.665
2024-12-21,13.771666666666667
2024-12-22,13.878333333333332
2024-12-23,13.985
2024-12-24,13.965
2024-12-25,13.965
2024-12-26,13.965
2024-12-27,14.29
2024-12-28,14.245
2024-12-29,14.2
2024-12-30,14.155
2024-12-31,14.24
2025-01-01,14.31
2025-01-02,14.38
2025-01-03,14.36
2025-01-04,14.334999999999999
2025-01-05,14.31
2025-01-06,14.285
2025-01-07,14.27
2025-01-08,14.225
2025-01-09,14.19
2025-01-10,14.155
2025-01-11,14.15
2025-01-12,14.145
2025-01-13,14.14
2025-01-14,14.135
2025-01-15,14.129
2025-01-16,13.745
2025-01-17,13.78
2025-01-18,13.9375
2025-01-19,14.094999999999999
2025-01-20,14.2525
2025-01-21,14.41
2025-01-22,14.115
2025-01-23,13.975
2025-01-24,14.11
2025-01-25,14.08
2025-01-26,14.049999999999999
2025-01-27,14.02
2025-01-28,13.985
2025-01-29,14.295
2025-01-30,14.225
2025-01-31,14.44
2025-02-01,14.428333333333333
2025-02-02,14.416666666666666
2025-02-03,14.405
2025-02-04,14.495
2025-02-05,14.43
2025-02-06,14.515
2025-02-07,14.725
2025-02-08,14.746666666666666
2025-02-09,14.768333333333333
2025-02-10,14.79
2025-02-11,14.89
2025-02-12,14.92
2025-02-13,14.935
2025-02-14,14.95
2025-02-15,14.85
2025-02-16,14.75
2025-02-17,14.65
2025-02-18,14.55
2025-02-19,14.115
2025-02-20,14.25
2025-02-21,14.175
2025-02-22,14.228333333333333
2025-02-23,14.281666666666668
2025-02-24,14.335
2025-02-25,13.855
2025-02-26,13.49
2025-02-27,13.985
2025-02-28,13.85
2025-03-01,13.888333333333334
2025-03-02,13.926666666666666
2025-03-03,13.965
2025-03-04,13.83
2025-03-05,13.73
2025-03-06,13.69
2025-03-07,13.76
2025-03-08,13.76
2025-03-09,13.76
2025-03-10,13.76
2025-03-11,13.69
2025-03-12,13.685
2025-03-13,13.665
2025-03-14,13.644
2025-03-15,13.489333333333333
2025-03-16,13.334666666666667
2025-03-17,13.18
2025-03-18,13.105
2025-03-19,13.755
2025-03-20,13.53
2025-03-21,13.385
2025-03-22,13.385
2025-03-23,13.385
2025-03-24,13.385
2025-03-25,13.15
2025-03-26,13.2
2025-03-27,13.175
2025-03-28,13.085
2025-03-29,13.081666666666667
2025-03-30,13.078333333333333
2025-03-31,13.075
2025-04-01,13.225
2025-04-02,13.185
2025-04-03,13.08
2025-04-04,12.915
2025-04-05,12.868333333333332
2025-04-06,12.821666666666667
2025-04-07,12.775
2025-04-08,12.77
2025-04-09,12.685
2025-04-10,12.605
2025-04-11,12.545
2025-04-12,12.536666666666667
2025-04-13,12.528333333333332
2025-04-14,12.52
2025-04-15,12.462
2025-04-16,11.86
2025-04-17,12.085
2025-04-18,12.085
2025-04-19,12.085
2025-04-20,12.085
2025-04-21,12.085
2025-04-22,11.77
2025-04-23,11.66
2025-04-24,11.505
2025-04-25,11.27
2025-04-26,11.273333333333333
2025-04-27,11.276666666666666
2025-04-28,11.28
2025-04-29,11.215
2025-04-30,11.215
2025-05-01,11.26
2025-05-02,11.26
2025-05-03,11.26
2025-05-04,11.26
2025-05-05,11.26
2025-05-06,11.315
2025-05-07,11.41
2025-05-08,11.45
2025-05-09,11.465
2025-05-10,11.456666666666667
2025-05-11,11.448333333333332
2025-05-12,11.44
2025-05-13,11.46
2025-05-14,11.475
2025-05-15,11.498
2025-05-16,11.895
2025-05-17,11.918333333333333
2025-05-18,11.941666666666666
2025-05-19,11.965
2025-05-20,12.515
2025-05-21,12.48
2025-05-22,12.35
2025-05-23,12.485
2025-05-24,12.487499999999999
2025-05-25,12.489999999999998
2025-05-26,12.4925
2025-05-27,12.495
2025-05-28,12.465
2025-05-29,12.295
2025-05-30,12.155
2025-05-31,12.203333333333333
2025-06-01,12.251666666666667
2025-06-02,12.3
2025-06-03,12.33
2025-06-04,12.37
2025-06-05,12.415
2025-06-06,12.445
2025-06-07,12.443333333333333
2025-06-08,12.441666666666666
2025-06-09,12.44
2025-06-10,12.41
2025-06-11,12.445
2025-06-12,12.46
2025-06-13,12.504
2025-06-14,12.864333333333333
2025-06-15,13.224666666666668
2025-06-16,13.585
2025-06-17,14.005
2025-06-18,13.88
2025-06-19,14.0675
2025-06-20,14.255
2025-06-21,14.323333333333334
2025-06-22,14.391666666666667
2025-06-23,14.46
2025-06-24,13.52
2025-06-25,13.54
2025-06-26,13.325
2025-06-27,13.195
2025-06-28,13.171666666666667
2025-06-29,13.148333333333333
2025-06-30,13.125
2025-07-01,13.105
2025-07-02,13.165
2025-07-03,13.16
2025-07-04,13.16
2025-07-05,13.16
2025-07-06,13.16
2025-07-07,13.16
2025-07-08,13.16
2025-07-09,13.16
2025-07-10,13.16
2025-07-11,13.16
2025-07-12,13.16
